symbol,name,sector,composite_score,value_score,momentum_score,quality_score,flow_score,news_score,analyst_conviction_score,analyst_avg_score,analyst_report_count,analyst_broker_diversity,analyst_target_revision_pct,analyst_novelty_score,analyst_fwd_ret_5d,analyst_fwd_ret_20d,analyst_alpha_ret_5d,analyst_alpha_ret_20d,analyst_bias_adjustment,analyst_parse_quality_score,analyst_pdf_coverage,analyst_target_upside_pct,analyst_target_dispersion_pct,analyst_agreement_score,analyst_recency_score,analyst_latest_title,analyst_revision_breadth_score,analyst_revision_breadth_count,analyst_positive_revision_ratio,analyst_peer_spillover_score,analyst_peer_alpha_5d,analyst_peer_support_count,event_alpha_score,event_expected_alpha_1d,event_expected_alpha_3d,event_expected_alpha_5d,event_recent_count,event_recent_positive_count,event_recent_negative_count,event_last_type,event_last_bias,event_last_days_ago,event_best_strategy,event_backtest_confidence,event_valid_sample_size,event_price_coverage_pct,event_interpretation_label,event_interpretation_note,event_tactical_label,event_tactical_note,event_sector,event_sector_valid_sample_size,event_sector_price_coverage_pct,event_sector_interpretation_label,event_sector_tactical_label,event_sector_interpretation_note,event_sector_tactical_note,event_sector_reaction_profile,event_sector_interpretable_score,event_interpretable_score,event_win_rate_5d,event_sample_size,event_reaction_profile,macro_sector_score,macro_regime_score,macro_micro_interaction_score,ml_pred_return_5d,ml_pred_score,ml_sector_score,ml_model_type,ml_train_rows,flow_top_brokers,flow_event_mix,micro_ofi,micro_foreign_pressure,micro_broker_concentration,micro_queue_imbalance,micro_absorption_score,microstructure_score,flow_intraday_samples,flow_intraday_avg_5m,flow_intraday_avg_15m,flow_intraday_avg_30m,flow_intraday_avg_60m,flow_intraday_last_event,flow_intraday_last_captured_at,factor_rank_score,analyst_rank_score,flow_state_score,flow_rank_score,flow_intraday_edge_score,flow_intraday_rank_score,micro_rank_score,macro_rank_score,ml_rank_score,event_rank_score,active_source_count,card_score
006400,삼성SDI,2차전지/배터리,0.5880000000000001,0.5,0.8,0.4666666666666666,0.5,0.5,8.9039,2.3091,1.0,1.0,0.0,0.8,0.0,0.0,0.0,0.0,0.0181,0.582,0.0,28.7554,0.0,1.0,0.5374,26년 영업 흑자 전환 예상,1.0,1.0,1.0,0.2414,0.0,1.0,,,,,0.0,0.0,0.0,,,,,,0.0,0.0,,,,,,0.0,0.0,,,,,,0.0,0.0,,0.0,,0.0,0.6,0.673489010989011,0.07263620601228532,0.9010989010989011,0.635989010989011,numpy_mlp,413,,,,,,,,,0,,,,,,,0.94,0.6309523809523809,,,,,,0.8791208791208791,0.9010989010989011,,4,0.7866414835164833
000150,두산,복합기업,0.5316,0.5,0.7,0.3533333333333333,0.5,0.5,10.3268,3.6428,1.0,1.0,0.0,0.8,0.0,0.0,0.0,0.0,0.2359,0.6018,0.0,30.6729,0.0,1.0,0.4867,서버 구조의 변화는 중장기 성장의 근거,1.0,1.0,1.0,0.278,0.0,1.0,,,,,0.0,0.0,0.0,,,,,,0.0,0.0,,,,,,0.0,0.0,,,,,,0.0,0.0,,0.0,,0.0,0.6,0.710576923076923,0.10971200595685493,0.9395604395604396,0.8241758241758242,numpy_mlp,413,,,,,,,,,0,,,,,,,0.68,0.8571428571428571,,,,,,0.9560439560439561,0.9395604395604396,,4,0.7697115384615384
005930,삼성전자,IT하드웨어 (반도체),0.51728,0.5,0.564,0.4733333333333333,0.5,0.5,9.2922,0.8118,3.0,3.0,0.0,0.7945,8.6649,0.0,3.4968,0.0,-0.0114,0.7505,0.3333,33.9492,4.8766,0.7512,0.5115,진정한 풀스택,0.6649,2.0,1.0,0.0503,0.0,1.0,,,,,0.0,0.0,0.0,,,,,,0.0,0.0,,,,,,0.0,0.0,,,,,,0.0,0.0,,0.0,,8.0,0.6,0.8792582417582419,0.4130508827136605,0.9945054945054945,0.9917582417582418,numpy_mlp,413,,,,,,,,,0,,,,,,,0.58,0.7023809523809523,,,,,,0.989010989010989,0.9945054945054945,,4,0.7122081043956043
000660,SK하이닉스,IT하드웨어 (반도체),0.5256799999999999,0.5,0.584,0.4066666666666667,0.5,0.5,7.3865,0.8675,2.0,2.0,0.0,0.7979,0.0,0.0,0.0,0.0,0.0,0.6522,0.0,40.9048,3.01,0.6699,0.4632,HBM 전선 이상 무,0.5,1.0,1.0,0.2701,3.4968,1.0,,,,,0.0,0.0,0.0,,,,,,0.0,0.0,,,,,,0.0,0.0,,,,,,0.0,0.0,,0.0,,8.0,0.6,0.8866758241758242,0.4576917455445412,1.0,0.9917582417582418,numpy_mlp,413,,,,,,,,,0,,,,,,,0.62,0.42857142857142855,,,,,,0.9945054945054945,1.0,,4,0.661564217032967
316140,우리금융지주,금융지주/은행,0.5306400000000001,0.5,0.592,0.6466666666666666,0.5,0.5,7.4271,1.2972,1.0,1.0,0.0,0.8,0.0,0.0,0.0,0.0,0.2125,0.6347,0.0,19.4444,0.0,1.0,0.5115,동양생명 완전자회사화는 ABL생명 통합을 위..,1.0,1.0,1.0,0.2636,0.0,1.0,,,,,0.0,0.0,0.0,,,,,,0.0,0.0,,,,,,0.0,0.0,,,,,,0.0,0.0,,0.0,,0.0,0.6,0.6289835164835165,0.0790604821828827,0.9120879120879121,0.6217948717948718,numpy_mlp,413,,,,,,,,,0,,,,,,,0.66,0.44047619047619047,,,,,,0.7802197802197802,0.9120879120879121,,4,0.6380666208791208
034730,SK,석유와가스,0.48176,0.5,0.4679999999999999,0.4933333333333333,0.5,0.5,8.1923,3.3901,1.0,1.0,0.0,0.8,0.0,0.0,0.0,0.0,0.1981,0.6498,0.0,-0.2494,0.0,1.0,0.5647,자사주 소각에 따른 재무적 효과 결국 주가에..,1.0,1.0,1.0,0.0,0.0,0.0,,,,,0.0,0.0,0.0,,,,,,0.0,0.0,,,,,,0.0,0.0,,,,,,0.0,0.0,,0.0,,0.0,0.6,0.7056318681318681,0.07058543362582442,0.8956043956043956,0.7335164835164836,numpy_mlp,413,,,,,,,,,0,,,,,,,0.4,0.5714285714285714,,,,,,0.945054945054945,0.8956043956043956,,4,0.6001201923076922
373220,LG에너지솔루션,2차전지/배터리,0.48616,0.5,0.5880000000000001,0.56,0.5,0.5,7.8952,1.6047,1.0,1.0,0.0,0.8,0.0,0.0,0.0,0.0,0.0132,0.5873,0.0,21.7799,0.0,1.0,0.5374,26년 ESS 추정치 추가 상향 조정,1.0,1.0,1.0,0.2784,0.0,1.0,,,,,0.0,0.0,0.0,,,,,,0.0,0.0,,,,,,0.0,0.0,,,,,,0.0,0.0,,0.0,,0.0,0.6,0.6462912087912087,0.08782377665579011,0.9230769230769231,0.635989010989011,numpy_mlp,413,,,,,,,,,0,,,,,,,0.46,0.5,,,,,,0.8186813186813187,0.9230769230769231,,4,0.592239010989011
005380,현대차,자동차/완성차,0.50424,0.5,0.412,0.4866666666666666,0.5,0.5,6.6979,1.9298,2.0,1.0,0.0,0.7725,0.0,0.0,0.0,0.0,-0.0095,0.7945,0.5,-2.0772,0.0,1.0,0.4632,현대차(005380) 팰리세이드 리콜 관련 업데이트,1.0,1.0,1.0,0.0,0.0,0.0,,,,,0.0,0.0,0.0,,,,,,0.0,0.0,,,,,,0.0,0.0,,,,,,0.0,0.0,,0.0,,0.0,0.6,0.6635989010989011,-0.028661116051729947,0.7197802197802198,0.7032967032967034,numpy_mlp,413,,,,,,,,,0,,,,,,,0.5,0.36904761904761907,,,,,,0.8571428571428571,0.7197802197802198,,4,0.5464114010989011
207940,삼성바이오로직스,제약/바이오 (대형),0.47096,0.5,0.488,0.62,0.5,0.5,,,,,,,,,,,,,,,,,,,,,,,,,0.864,-1.5758,-4.0709,-0.6566,1.0,0.0,1.0,DILUTION,negative,10.78,immediate_close,낮음,1.0,25.0,표본 얕음,가격이 충분히 붙지 않아 아직 과신보다 관찰이 먼저입니다.,표본 얕음,재료는 보이지만 아직 단독 판단 근거로 쓰기에는 표본이 적습니다.,제약/바이오 (대형),1.0,100.0,표본 얕음,보수적,초기 경향은 보이지만 아직 표본이 얕아 단독 근거로 쓰기에는 이릅니다.,부정 공시 비중이 높아 반등이 나와도 보수적으로 읽는 편이 낫습니다.,초기 반응과 유지력,0.2136,-0.1843,100.0,4.0,초기 반응과 유지력,0.0,0.6,0.52760989010989,-0.08855759710830158,0.5439560439560439,0.5467032967032968,numpy_mlp,413,,,,,,,,,0,,,,,,,0.34,,,,,,,0.5686813186813187,0.5439560439560439,0.975,4,0.5287725667189953
019180,티에이치엔,자동차부품,,,,,,,4.98,0.1516,1.0,1.0,0.0,0.8,0.0,0.0,0.0,0.0,0.2185,0.5785,0.0,0.0,0.0,1.0,0.5115,P/E가 3배도 안 되네요,1.0,1.0,1.0,-0.0109,0.0,1.0,0.0,0.0,0.0,0.0,2.0,0.0,0.0,LARGE_HOLDER,neutral,11.54,immediate_close,낮음,1.0,20.0,표본 얕음,가격이 충분히 붙지 않아 아직 과신보다 관찰이 먼저입니다.,존재 확인,방향성이 약한 공시라 단독 매수 재료보다 존재 여부만 확인하는 편이 낫습니다.,자동차부품/타이어,0.0,0.0,해석 보류,존재 확인,아직 5일 성과가 붙은 표본이 없어 방향 판단을 내리기 어렵습니다.,방향성이 약한 공시가 많아 매수 재료보다 존재 여부만 확인하는 편이 낫습니다.,성과 대기,0.0,0.0676,100.0,5.0,시간차 반응,0.0,0.6,0.45343406593406593,-0.12044017998670661,0.42857142857142855,0.3940345368916797,numpy_mlp,413,,,,,,,,,0,,,,,,,,0.17857142857142858,,,,,,0.4065934065934066,0.42857142857142855,0.5333333333333333,4,0.37596621066008823
000270,기아,자동차/완성차,0.4572799999999999,0.5,0.344,0.5533333333333333,0.5,0.5,,,,,,,,,,,,,,,,,,,,,,,,,-0.4212,-4.414,-1.7876,-3.5289,1.0,1.0,0.0,BUYBACK,positive,11.54,immediate_close,낮음,2.0,66.67,표본 얕음,초기 경향은 보이지만 아직 표본이 얕아 단독 근거로 쓰기에는 이릅니다.,보수적 관찰,현재 표본만 보면 초기와 5일 반응이 모두 약해 존재 여부만 보는 편이 낫습니다.,자동차/완성차,1.0,100.0,표본 얕음,보수적 관찰,초기 경향은 보이지만 아직 표본이 얕아 단독 근거로 쓰기에는 이릅니다.,현재 표본만 보면 초기 반응과 5일 성과가 모두 약해 존재 여부만 체크하는 편이 낫습니다.,반응 약함,-0.9211,-0.4752,50.0,3.0,반응 약함,0.0,0.6,0.52760989010989,-0.056015082154636395,0.6318681318681318,0.7032967032967034,numpy_mlp,413,,,,,,,,,0,,,,,,,0.2,,,,,,,0.5686813186813187,0.6318681318681318,0.075,4,0.3550529827315542
267250,HD현대,기계/공작기계,0.48528,0.5,0.524,0.6,0.5,0.5,2.3125,-2.6506,1.0,1.0,0.0,0.8,0.0,0.0,0.0,0.0,0.0739,1.0,1.0,41.8803,0.0,1.0,0.5647,HD현대(267250) HD현대오일뱅크와 로봇,0.0,0.0,1.0,-0.2763,-3.9566,1.0,,,,,0.0,0.0,0.0,,,,,,0.0,0.0,,,,,,0.0,0.0,,,,,,0.0,0.0,,0.0,,0.0,0.6,0.27788461538461534,-0.16443654463399107,0.04945054945054945,0.28479853479853484,numpy_mlp,413,,,,,,,,,0,,,,,,,0.44,0.11904761904761904,,,,,,0.016483516483516484,0.04945054945054945,,4,0.25940504807692305
393890,더블유씨피,전기제품,,,,,,,11.8,4.4294,1.0,1.0,0.0,0.8,0.0,0.0,0.0,0.0,0.0134,0.589,0.0,120.2202,0.0,1.0,0.5374,"실적, 밸류에이션 정상화 초입 구간",1.0,1.0,1.0,0.3526,0.0,2.0,,,,,0.0,0.0,0.0,,,,,,0.0,0.0,,,,,,0.0,0.0,,,,,,0.0,0.0,,0.0,,0.0,0.6,0.7081043956043955,0.17765064600416036,0.978021978021978,0.9194139194139194,numpy_mlp,413,,,,,,,,,0,,,,,,,,0.9523809523809523,,,,,,0.9505494505494505,0.978021978021978,,3,0.8721206677937445
036800,나이스정보통신,상업서비스와공급품,,,,,,,12.4246,6.0061,1.0,1.0,0.0,0.8,0.0,0.0,0.0,0.0,0.0739,1.0,1.0,32.0755,0.0,1.0,0.5647,"나이스정보통신(036800) Valuation 저평가, TRS 성장성",1.0,1.0,1.0,0.0,0.0,0.0,,,,,0.0,0.0,0.0,,,,,,0.0,0.0,,,,,,0.0,0.0,,,,,,0.0,0.0,,0.0,,0.0,0.6,0.720467032967033,0.06835864356172106,0.8846153846153846,0.8846153846153846,numpy_mlp,413,,,,,,,,,0,,,,,,,,1.0,,,,,,0.978021978021978,0.8846153846153846,,3,0.8717614116652578
023910,대한약품,제약,,,,,,,11.4504,4.371,1.0,1.0,0.0,0.8,0.0,0.0,0.0,0.0,0.0739,1.0,1.0,32.67,0.0,1.0,0.5647,대한약품(023910) 안정적인 수액제 생산 & Valuation 저평가,1.0,1.0,1.0,0.2593,0.0,4.0,,,,,0.0,0.0,0.0,,,,,,0.0,0.0,,,,,,0.0,0.0,,,,,,0.0,0.0,,0.0,,0.0,0.6,0.7031593406593406,0.14599487896648614,0.9560439560439561,0.5164835164835164,numpy_mlp,413,,,,,,,,,0,,,,,,,,0.9404761904761905,,,,,,0.9395604395604396,0.9560439560439561,,3,0.8595467032967031
083500,에프엔에스테크,디스플레이장비및부품,,,,,,,12.2661,5.3707,2.0,1.0,0.0,0.7725,0.0,0.0,0.0,0.0,0.0274,0.7956,0.5,80.072,0.0,1.0,0.4867,에프엔에스테크(083500) 수익성 개선 흐름 본격화될 전망,1.0,1.0,1.0,0.0,0.0,0.0,,,,,0.0,0.0,0.0,,,,,,0.0,0.0,,,,,,0.0,0.0,,,,,,0.0,0.0,,0.0,,0.0,0.6,0.7179945054945055,0.016978688141792632,0.8186813186813187,0.5274725274725275,numpy_mlp,413,,,,,,,,,0,,,,,,,,0.9880952380952381,,,,,,0.9725274725274725,0.8186813186813187,,3,0.8487690194420963
010950,S-Oil,화학/석유화학,,,,,,,10.9575,4.3043,2.0,2.0,0.0,0.7982,0.0,0.0,0.0,0.0,-0.0438,0.7891,0.5,23.1818,3.321,0.6668,0.5374,"호르무즈 봉쇄, 오히려 전화위복!",1.0,2.0,1.0,0.3577,0.0,1.0,,,,,0.0,0.0,0.0,,,,,,0.0,0.0,,,,,,0.0,0.0,,,,,,0.0,0.0,,0.0,,0.0,0.6,0.6982142857142857,0.17009733058195625,0.967032967032967,0.8173076923076923,numpy_mlp,413,,,,,,,,,0,,,,,,,,0.9047619047619048,,,,,,0.9285714285714286,0.967032967032967,,3,0.846254226542688
032500,케이엠더블유,통신장비/네트워크,,,,,,,11.1103,3.954,1.0,1.0,0.0,0.8,0.0,0.0,0.0,0.0,0.2617,0.6532,0.0,167.3797,0.0,1.0,0.4867,실적 확인하고 매수하시면 늦습니다,1.0,1.0,1.0,0.2829,0.0,1.0,,,,,0.0,0.0,0.0,,,,,,0.0,0.0,,,,,,0.0,0.0,,,,,,0.0,0.0,,0.0,,0.0,0.6,0.6907967032967033,0.15072998232806328,0.9615384615384616,0.49725274725274726,numpy_mlp,413,,,,,,,,,0,,,,,,,,0.9166666666666666,,,,,,0.9120879120879121,0.9615384615384616,,3,0.846254226542688
036570,엔씨소프트,엔터테인먼트/게임,,,,,,,11.9487,3.7815,3.0,2.0,0.0,0.784,0.0,0.0,0.0,0.0,-0.0486,0.7493,0.3333,65.9452,8.6083,0.9139,0.5647,엔씨소프트(036570) 실적은 센티를 이긴다,1.0,2.0,1.0,0.238,0.0,4.0,,,,,0.0,0.0,0.0,,,,,,0.0,0.0,,,,,,0.0,0.0,,,,,,0.0,0.0,,0.0,,0.0,0.6,0.678434065934066,0.06641577513765293,0.8791208791208791,0.6021978021978022,numpy_mlp,413,,,,,,,,,0,,,,,,,,0.9761904761904762,,,,,,0.8901098901098901,0.8791208791208791,,3,0.8437394336432799
039030,이오테크닉스,IT하드웨어 (반도체),,,,,,,10.1848,3.9465,2.0,1.0,0.0,0.7408,0.0,0.0,0.0,0.0,-0.0158,0.834,0.5,15.8901,0.0,1.0,0.5374,이오테크닉스(039030) NAND 고단화 수혜 예상,1.0,1.0,1.0,0.321,3.4968,2.0,,,,,0.0,0.0,0.0,,,,,,0.0,0.0,,,,,,0.0,0.0,,,,,,0.0,0.0,,0.0,,8.0,0.6,0.963324175824176,0.36867559422739654,0.989010989010989,0.9917582417582418,numpy_mlp,413,,,,,,,,,0,,,,,,,,0.8333333333333334,,,,,,1.0,0.989010989010989,,3,0.8379913355874894
081660,미스토홀딩스,의류/섬유,,,,,,,11.8998,5.0365,2.0,1.0,0.0,0.7581,0.0,0.0,0.0,0.0,0.0235,0.8224,0.5,38.7755,0.0,1.0,0.5374,"미스토홀딩스(081660) 4Q25 Review : 턴어라운드 본격화 전망되나, K패션은 기다림이 필요",1.0,1.0,1.0,0.0,0.0,0.0,,,,,0.0,0.0,0.0,,,,,,0.0,0.0,,,,,,0.0,0.0,,,,,,0.0,0.0,,0.0,,0.0,0.6,0.715521978021978,0.00023502341883371164,0.7857142857142857,0.510989010989011,numpy_mlp,413,,,,,,,,,0,,,,,,,,0.9642857142857143,,,,,,0.967032967032967,0.7857142857142857,,3,0.8297284446322909
005680,삼영전자,전기제품,,,,,,,10.6507,3.4691,1.0,1.0,0.0,0.8,0.0,0.0,0.0,0.0,0.0363,1.0,1.0,38.0991,0.0,1.0,0.5115,"삼영전자(005680) 순현금이 많은 기업, 신사업 추진",1.0,1.0,1.0,0.3627,0.0,1.0,,,,,0.0,0.0,0.0,,,,,,0.0,0.0,,,,,,0.0,0.0,,,,,,0.0,0.0,,0.0,,0.0,0.6,0.6759615384615385,0.17290275905574054,0.9725274725274725,0.9194139194139194,numpy_mlp,413,,,,,,,,,0,,,,,,,,0.8809523809523809,,,,,,0.8846153846153846,0.9725274725274725,,3,0.8297284446322908
086450,동국제약,제약,,,,,,,10.8139,4.9732,1.0,1.0,0.0,0.8,0.0,0.0,0.0,0.0,0.0,1.0,1.0,22.549,0.0,1.0,0.4632,"동국제약(086450) 성장성: 화장품, 모멘텀: DDS",1.0,1.0,1.0,0.0,0.0,0.0,,,,,0.0,0.0,0.0,,,,,,0.0,0.0,,,,,,0.0,0.0,,,,,,0.0,0.0,,0.0,,0.0,0.6,0.7130494505494505,0.06844544511265574,0.8901098901098901,0.5164835164835164,numpy_mlp,413,,,,,,,,,0,,,,,,,,0.8928571428571429,,,,,,0.9615384615384616,0.8901098901098901,,3,0.8279321639898563
327260,RF머트리얼즈,우주항공과국방,,,,,,,11.2156,2.5663,1.0,1.0,0.0,0.8,7.4128,0.0,9.2717,0.0,0.164,0.5782,0.0,86.9159,0.0,1.0,0.3993,광모듈 수요가 끝이 없다,1.0,1.0,1.0,0.0,0.0,0.0,,,,,0.0,0.0,0.0,,,,,,0.0,0.0,,,,,,0.0,0.0,,,,,,0.0,0.0,,0.0,,0.0,0.6,0.6438186813186813,0.054726702351170727,0.8516483516483516,0.7875457875457875,numpy_mlp,413,,,,,,,,,0,,,,,,,,0.9285714285714286,,,,,,0.8131868131868132,0.8516483516483516,,3,0.8027842349957733
017960,한국카본,조선,,,,,,,10.3313,3.9355,1.0,1.0,0.0,0.8,0.0,0.0,0.0,0.0,-0.0521,0.537,0.0,33.6516,0.0,1.0,0.4632,LNG 보냉제 성장에 방산까지 영역 확대,1.0,1.0,1.0,0.0,0.0,0.0,,,,,0.0,0.0,0.0,,,,,,0.0,0.0,,,,,,0.0,0.0,,,,,,0.0,0.0,,0.0,,0.0,0.6,0.6858516483516484,0.057303336928512784,0.8626373626373627,0.4450549450549451,numpy_mlp,413,,,,,,,,,0,,,,,,,,0.8690476190476191,,,,,,0.9065934065934066,0.8626373626373627,,3,0.800628698224852
120110,코오롱인더,화학/석유화학,,,,,,,10.1954,4.0977,1.0,1.0,0.0,0.8,0.0,0.0,0.0,0.0,-0.0102,1.0,1.0,27.2189,0.0,1.0,0.4867,"코오롱인더(120110) 실적은 반등, 포트폴리오는 진화",1.0,1.0,1.0,0.0,0.0,0.0,,,,,0.0,0.0,0.0,,,,,,0.0,0.0,,,,,,0.0,0.0,,,,,,0.0,0.0,,0.0,,0.0,0.6,0.6932692307692307,0.060937139253549245,0.8681318681318682,0.8173076923076923,numpy_mlp,413,,,,,,,,,0,,,,,,,,0.8452380952380952,,,,,,0.9175824175824175,0.8681318681318682,,3,0.7948806001690616
004170,신세계,유통/백화점,,,,,,,10.1529,4.3338,1.0,1.0,0.0,0.8,0.0,0.0,0.0,0.0,0.0,0.5812,0.0,22.1167,0.0,1.0,0.4632,인바운드 증가 모멘텀은 2Q에 더 강화될 전망,1.0,1.0,1.0,0.0,0.0,0.0,,,,,0.0,0.0,0.0,,,,,,0.0,0.0,,,,,,0.0,0.0,,,,,,0.0,0.0,,0.0,,0.0,0.6,0.7006868131868131,0.06434201137648055,0.8736263736263736,0.8443223443223443,numpy_mlp,413,,,,,,,,,0,,,,,,,,0.8214285714285714,,,,,,0.9340659340659341,0.8736263736263736,,3,0.790210270498732
200710,에이디테크놀로지,반도체와반도체장비,,,,,,,9.7553,3.242,1.0,1.0,0.0,0.8,0.0,0.0,0.0,0.0,-0.1377,0.5362,0.0,25.2747,0.0,1.0,0.5374,콥데이 후기: 전성기를 넘어보자,1.0,1.0,1.0,0.2518,0.0,2.0,,,,,0.0,0.0,0.0,,,,,,0.0,0.0,,,,,,0.0,0.0,,,,,,0.0,0.0,,0.0,,0.0,0.6,0.6710164835164835,0.13123303182074483,0.945054945054945,0.6923076923076923,numpy_mlp,413,,,,,,,,,0,,,,,,,,0.7619047619047619,,,,,,0.8736263736263736,0.945054945054945,,3,0.7736844885883346
023530,롯데쇼핑,유통/백화점,,,,,,,9.7693,3.1377,1.0,1.0,0.0,0.8,0.0,0.0,0.0,0.0,-0.0608,0.6198,0.0,33.7047,0.0,1.0,0.5115,백화점에서 확산되는 온기(溫氣),1.0,1.0,1.0,0.0874,0.0,1.0,,,,,0.0,0.0,0.0,,,,,,0.0,0.0,,,,,,0.0,0.0,,,,,,0.0,0.0,,0.0,,0.0,0.6,0.6660714285714285,0.07382725738845264,0.9065934065934066,0.8443223443223443,numpy_mlp,413,,,,,,,,,0,,,,,,,,0.7738095238095238,,,,,,0.8626373626373627,0.9065934065934066,,3,0.7661401098901099
365340,성일하이텍,전기제품,,,,,,,9.9301,4.2306,2.0,1.0,0.0,0.7794,0.0,0.0,0.0,0.0,-0.1022,0.925,0.5,15.873,0.0,1.0,0.4867,성일하이텍(365340) 콥데이 後記: 본격적인 실적 턴러어라운드 시작,1.0,1.0,1.0,0.0,0.0,0.0,,,,,0.0,0.0,0.0,,,,,,0.0,0.0,,,,,,0.0,0.0,,,,,,0.0,0.0,,0.0,,0.0,0.6,0.6957417582417582,0.011898635730398989,0.8076923076923077,0.9194139194139194,numpy_mlp,413,,,,,,,,,0,,,,,,,,0.8095238095238095,,,,,,0.9230769230769231,0.8076923076923077,,3,0.7661401098901099
042700,한미반도체,IT하드웨어 (반도체),0.5316000000000001,0.5,0.5399999999999999,0.36,0.5,0.5,,,,,,,,,,,,,,,,,,,,,,,,,,,,,0.0,0.0,0.0,,,,,,0.0,0.0,,,,,,0.0,0.0,,,,,,0.0,0.0,,0.0,,8.0,0.6,0.8026098901098901,0.3114984237230432,0.9835164835164835,0.9917582417582418,numpy_mlp,413,,,,,,,,,0,,,,,,,0.7,,,,,,,0.9835164835164835,0.9835164835164835,,3,0.7612667224080267
010060,OCI홀딩스,화학,,,,,,,9.8673,2.9182,1.0,1.0,0.0,0.8,0.0,0.0,0.0,0.0,-0.043,0.6035,0.0,77.6316,0.0,1.0,0.5647,태양광 중심으로 재편되는 에너지 안보 패러..,1.0,1.0,1.0,0.0453,0.0,1.0,,,,,0.0,0.0,0.0,,,,,,0.0,0.0,,,,,,0.0,0.0,,,,,,0.0,0.0,,0.0,,0.0,0.6,0.6611263736263736,0.05729234951036143,0.8571428571428571,0.456828885400314,numpy_mlp,413,,,,,,,,,0,,,,,,,,0.7976190476190477,,,,,,0.8516483516483516,0.8571428571428571,,3,0.7603920118343195
215200,메가스터디교육,교육서비스,,,,,,,9.2686,3.2167,1.0,1.0,0.0,0.8,0.0,0.0,0.0,0.0,0.0739,1.0,1.0,25.0,0.0,1.0,0.5647,메가스터디교육(215200) 국내 교육기업 대장,1.0,1.0,1.0,-0.0773,-0.3935,1.0,,,,,0.0,0.0,0.0,,,,,,0.0,0.0,,,,,,0.0,0.0,,,,,,0.0,0.0,,0.0,,0.0,0.6,0.668543956043956,0.023023050709235597,0.8241758241758241,0.6373626373626373,numpy_mlp,413,,,,,,,,,0,,,,,,,,0.6904761904761905,,,,,,0.8681318681318682,0.8241758241758241,,3,0.7129702028740489
004000,롯데정밀화학,화학,,,,,,,9.3658,3.8189,1.0,1.0,0.0,0.8,0.0,0.0,0.0,0.0,0.0,1.0,1.0,23.2877,0.0,1.0,0.4632,롯데정밀화학(004000) 암모니아 가격 상승으로 인한 반사수혜 전망,1.0,1.0,1.0,-0.2757,0.0,0.0,,,,,0.0,0.0,0.0,,,,,,0.0,0.0,,,,,,0.0,0.0,,,,,,0.0,0.0,,0.0,,0.0,0.6,0.6809065934065934,-0.03176363377601322,0.7142857142857143,0.456828885400314,numpy_mlp,413,,,,,,,,,0,,,,,,,,0.7261904761904762,,,,,,0.8956043956043956,0.7142857142857143,,3,0.7036295435333896
229640,LS에코에너지,전기장비,,,,,,,9.861,3.8844,2.0,1.0,0.0,0.7386,0.0,0.0,0.0,0.0,-0.0026,0.8237,0.5,23.1102,0.0,1.0,0.4632,LS에코에너지(229640) 희토류 탈중국화 밸류체인 한 축을 담당하면서 성장성 부각,1.0,1.0,1.0,0.0,0.0,0.0,,,,,0.0,0.0,0.0,,,,,,0.0,0.0,,,,,,0.0,0.0,,,,,,0.0,0.0,,0.0,,0.0,0.6,0.6833791208791209,-0.06728607251241428,0.6043956043956044,0.4203296703296703,numpy_mlp,413,,,,,,,,,0,,,,,,,,0.7857142857142857,,,,,,0.9010989010989011,0.6043956043956044,,3,0.6993184699915468
011070,LG이노텍,디스플레이/IT부품,,,,,,,9.1565,2.8568,2.0,2.0,0.0,0.7964,0.0,0.0,0.0,0.0,-0.0036,0.5832,0.0,17.5549,4.0,0.96,0.5374,안 살 이유가 없다,1.0,2.0,1.0,0.0,0.0,0.0,,,,,0.0,0.0,0.0,,,,,,0.0,0.0,,,,,,0.0,0.0,,,,,,0.0,0.0,,0.0,,0.0,0.6,0.6586538461538461,0.0284936802899617,0.8406593406593407,0.6236263736263736,numpy_mlp,413,,,,,,,,,0,,,,,,,,0.6547619047619048,,,,,,0.8461538461538461,0.8406593406593407,,3,0.6989592138630599
009150,삼성전기,디스플레이/IT부품,0.61408,0.5,0.844,0.48,0.5,0.5,,,,,,,,,,,,,,,,,,,,,,,,,,,,,0.0,0.0,0.0,,,,,,0.0,0.0,,,,,,0.0,0.0,,,,,,0.0,0.0,,0.0,,0.0,0.6,0.52760989010989,-0.13866601310278004,0.4065934065934066,0.6236263736263736,numpy_mlp,413,,,,,,,,,0,,,,,,,0.98,,,,,,,0.5686813186813187,0.4065934065934066,,3,0.6936992355470617
005440,현대지에프홀딩스,복합기업,,,,,,,8.4617,2.2999,1.0,1.0,0.0,0.8,0.0,0.0,0.0,0.0,-0.051,0.6322,0.0,18.75,0.0,1.0,0.4867,조정이 주는 멋진 기회!,1.0,1.0,1.0,0.3397,0.0,1.0,,,,,0.0,0.0,0.0,,,,,,0.0,0.0,,,,,,0.0,0.0,,,,,,0.0,0.0,,0.0,,0.0,0.6,0.6314560439560439,0.13475947135308936,0.9505494505494505,0.8241758241758242,numpy_mlp,413,,,,,,,,,0,,,,,,,,0.5833333333333334,,,,,,0.7857142857142857,0.9505494505494505,,3,0.6878222738799662
352820,하이브,엔터테인먼트/게임,,,,,,,9.5393,2.6371,4.0,2.0,0.0,0.7507,0.0,0.0,0.0,0.0,0.067,0.8215,0.5,20.0,3.2258,0.6677,0.5374,하이브(352820) 확신의 실적 모멘텀이 시작된다,1.0,2.0,1.0,0.2225,0.0,4.0,,,,,0.0,0.0,0.0,,,,,,0.0,0.0,,,,,,0.0,0.0,,,,,,0.0,0.0,,0.0,,0.0,0.6,0.6487637362637362,-0.060865780609377675,0.6263736263736264,0.6021978021978022,numpy_mlp,413,,,,,,,,,0,,,,,,,,0.75,,,,,,0.8241758241758241,0.6263736263736264,,3,0.6759668216398985
347700,스피어,우주항공과국방,,,,,,,8.0971,2.8434,2.0,1.0,0.0,0.7607,0.0,0.0,0.0,0.0,-0.0103,0.8021,0.5,0.0,0.0,0.7,0.4632,스피어(347700) 스페이스X 발사체 성장은 곧 나의 성장,1.0,1.0,1.0,0.6412,5.0,1.0,,,,,0.0,0.0,0.0,,,,,,0.0,0.0,,,,,,0.0,0.0,,,,,,0.0,0.0,,0.0,,0.0,0.6,0.6561813186813186,0.10428633931126252,0.9340659340659341,0.7875457875457875,numpy_mlp,413,,,,,,,,,0,,,,,,,,0.5357142857142857,,,,,,0.8406593406593407,0.9340659340659341,,3,0.6756075655114117
089970,브이엠,반도체와반도체장비,,,,,,,8.6074,1.2929,1.0,1.0,0.0,0.8,0.0,0.0,0.0,0.0,0.2296,0.595,0.0,51.4423,0.0,1.0,0.5374,예상보다 좋습니다,1.0,1.0,1.0,0.3059,0.0,2.0,,,,,0.0,0.0,0.0,,,,,,0.0,0.0,,,,,,0.0,0.0,,,,,,0.0,0.0,,0.0,,0.0,0.6,0.5894230769230769,0.0936612061047741,0.9285714285714286,0.6923076923076923,numpy_mlp,413,,,,,,,,,0,,,,,,,,0.6071428571428571,,,,,,0.7032967032967034,0.9285714285714286,,3,0.6752483093829247
000720,현대건설,건설/건자재,0.58784,0.5,0.792,0.3866666666666666,0.5,0.5,,,,,,,,,,,,,,,,,,,,,,,,,,,,,0.0,0.0,0.0,,,,,,0.0,0.0,,,,,,0.0,0.0,,,,,,0.0,0.0,,0.0,,0.0,0.6,0.52760989010989,-0.11904643473520055,0.44505494505494503,0.532967032967033,numpy_mlp,413,,,,,,,,,0,,,,,,,0.92,,,,,,,0.5686813186813187,0.44505494505494503,,3,0.6745102723363593
064760,티씨케이,반도체와반도체장비,,,,,,,8.8141,2.4193,1.0,1.0,0.0,0.8,0.0,0.0,0.0,0.0,-0.0094,0.5742,0.0,33.6303,0.0,1.0,0.4632,1Q26 예상 영업이익 QoQ +53.0%,1.0,1.0,1.0,0.0,0.0,0.0,,,,,0.0,0.0,0.0,,,,,,0.0,0.0,,,,,,0.0,0.0,,,,,,0.0,0.0,,0.0,,0.0,0.6,0.6388736263736263,0.024972231028972648,0.8296703296703297,0.6923076923076923,numpy_mlp,413,,,,,,,,,0,,,,,,,,0.6190476190476191,,,,,,0.8021978021978022,0.8296703296703297,,3,0.6734520287404901
047810,한국항공우주,방위산업/우주항공,0.5736,0.5,0.76,0.38,0.5,0.5,,,,,,,,,,,,,,,,,,,,,,,,,,,,,0.0,0.0,0.0,,,,,,0.0,0.0,,,,,,0.0,0.0,,,,,,0.0,0.0,,0.0,,0.0,0.6,0.52760989010989,-0.11349439738495129,0.46703296703296704,0.4807692307692308,numpy_mlp,413,,,,,,,,,0,,,,,,,0.9,,,,,,,0.5686813186813187,0.46703296703296704,,3,0.6701445293836599
047050,포스코인터내셔널,무역회사와판매업체,,,,,,,8.9954,2.1161,3.0,3.0,0.0,0.7936,0.0,0.0,0.0,0.0,0.0115,0.5714,0.0,20.4986,3.3838,0.7662,0.5647,"단단한 펀더멘털, 축소될 밸류에이션 갭",1.0,3.0,1.0,0.0,0.0,0.0,,,,,0.0,0.0,0.0,,,,,,0.0,0.0,,,,,,0.0,0.0,,,,,,0.0,0.0,,0.0,,0.0,0.6,0.6240384615384615,-0.01038280195956567,0.7747252747252747,0.7747252747252747,numpy_mlp,413,,,,,,,,,0,,,,,,,,0.6428571428571429,,,,,,0.7692307692307693,0.7747252747252747,,3,0.6619558326289096
012450,한화에어로스페이스,방위산업/우주항공,0.566,0.5,0.6799999999999999,0.4466666666666667,0.5,0.5,,,,,,,,,,,,,,,,,,,,,,,,,,,,,0.0,0.0,0.0,,,,,,0.0,0.0,,,,,,0.0,0.0,,,,,,0.0,0.0,,0.0,,0.0,0.6,0.52760989010989,-0.10494338300312256,0.4945054945054945,0.4807692307692308,numpy_mlp,413,,,,,,,,,0,,,,,,,0.86,,,,,,,0.5686813186813187,0.4945054945054945,,3,0.6577580028666986
006800,미래에셋증권,증권,0.57312,0.5,0.796,0.3666666666666667,0.5,0.5,,,,,,,,,,,,,,,,,,,,,,,,,,,,,0.0,0.0,0.0,,,,,,0.0,0.0,,,,,,0.0,0.0,,,,,,0.0,0.0,,0.0,,0.0,0.6,0.52760989010989,-0.120282321494394,0.4340659340659341,0.3351648351648352,numpy_mlp,413,,,,,,,,,0,,,,,,,0.88,,,,,,,0.5686813186813187,0.4340659340659341,,3,0.6535953177257525
023160,태광,조선/해양,,,,,,,8.479,1.9927,1.0,1.0,0.0,0.8,0.0,0.0,0.0,0.0,-0.0853,0.559,0.0,34.9911,0.0,1.0,0.4867,앞으로 좋아질 실적과 주주환원까지,1.0,1.0,1.0,0.0,0.0,0.0,,,,,0.0,0.0,0.0,,,,,,0.0,0.0,,,,,,0.0,0.0,,,,,,0.0,0.0,,0.0,,0.0,0.6,0.6166208791208792,0.0049211265204252876,0.7912087912087912,0.6492673992673993,numpy_mlp,413,,,,,,,,,0,,,,,,,,0.5952380952380952,,,,,,0.7527472527472527,0.7912087912087912,,3,0.6443522823330516
039200,오스코텍,제약,,,,,,,9.4128,2.0539,2.0,1.0,0.0,0.7455,0.0,0.0,0.0,0.0,-0.0771,0.8726,0.5,43.4034,0.0,1.0,0.4867,오스코텍(039200) NDR 후기: 열매가 주렁주렁,1.0,1.0,1.0,0.2866,0.0,2.0,,,,,0.0,0.0,0.0,,,,,,0.0,0.0,,,,,,0.0,0.0,,,,,,0.0,0.0,,0.0,,0.0,0.6,0.6215659340659341,-0.08239215566420738,0.5659340659340659,0.5164835164835164,numpy_mlp,413,,,,,,,,,0,,,,,,,,0.7380952380952381,,,,,,0.7637362637362637,0.5659340659340659,,3,0.6436337700760777
017670,SK텔레콤,통신서비스,,,,,,,8.185,2.3863,1.0,1.0,0.0,0.8,5.0667,0.0,-0.2905,0.0,0.0684,0.6195,0.0,25.3133,0.0,1.0,0.3993,이번엔 기대가 되는 4월입니다,1.0,1.0,1.0,0.0,0.0,0.0,,,,,0.0,0.0,0.0,,,,,,0.0,0.0,,,,,,0.0,0.0,,,,,,0.0,0.0,,0.0,,0.0,0.6,0.6339285714285714,0.011612084699465883,0.8021978021978022,0.8021978021978022,numpy_mlp,413,,,,,,,,,0,,,,,,,,0.5595238095238095,,,,,,0.7912087912087912,0.8021978021978022,,3,0.6407597210481825
055550,신한지주,금융지주/은행,0.5635200000000001,0.5,0.6759999999999999,0.66,0.5,0.5,,,,,,,,,,,,,,,,,,,,,,,,,,,,,0.0,0.0,0.0,,,,,,0.0,0.0,,,,,,0.0,0.0,,,,,,0.0,0.0,,0.0,,0.0,0.6,0.52760989010989,-0.11601133269703512,0.45054945054945056,0.6217948717948718,numpy_mlp,413,,,,,,,,,0,,,,,,,0.84,,,,,,,0.5686813186813187,0.45054945054945056,,3,0.6387720974677497
043370,피에이치에이,자동차부품/타이어,,,,,,,7.7843,2.672,1.0,1.0,0.0,0.8,1.6908,0.0,-0.1393,0.0,0.1177,0.649,0.0,10.3753,0.0,1.0,0.3993,자기주식 7.0% 보유 중,1.0,1.0,1.0,0.0,0.0,0.0,,,,,0.0,0.0,0.0,,,,,,0.0,0.0,,,,,,0.0,0.0,,,,,,0.0,0.0,,0.0,,0.0,0.6,0.6537087912087911,0.03151439873383578,0.8461538461538461,0.7857142857142857,numpy_mlp,413,,,,,,,,,0,,,,,,,,0.4880952380952381,,,,,,0.8351648351648352,0.8461538461538461,,3,0.6328560862214708
011210,현대위아,자동차부품/타이어,,,,,,,7.5783,2.5416,2.0,1.0,0.0,0.7914,0.0,0.0,0.0,0.0,-0.0771,0.9014,0.5,-6.2192,0.0,1.0,0.4867,현대위아(011210) Corp. Day 후기: 열관리 매출 증가와 인도 증설,1.0,1.0,1.0,0.2866,-0.1393,1.0,,,,,0.0,0.0,0.0,,,,,,0.0,0.0,,,,,,0.0,0.0,,,,,,0.0,0.0,,0.0,,0.0,0.6,0.6413461538461538,0.08480667281370191,0.9175824175824175,0.7857142857142857,numpy_mlp,413,,,,,,,,,0,,,,,,,,0.4523809523809524,,,,,,0.8076923076923077,0.9175824175824175,,3,0.632137573964497
034020,두산에너빌리티,기계/공작기계,0.5445599999999999,0.5,0.608,0.4266666666666667,0.5,0.5,,,,,,,,,,,,,,,,,,,,,,,,,,,,,0.0,0.0,0.0,,,,,,0.0,0.0,,,,,,0.0,0.0,,,,,,0.0,0.0,,0.0,,0.0,0.6,0.52760989010989,-0.08996433969617759,0.5384615384615384,0.28479853479853484,numpy_mlp,413,,,,,,,,,0,,,,,,,0.78,,,,,,,0.5686813186813187,0.5384615384615384,,3,0.6305482560917344
272210,한화시스템,우주항공과국방,0.54144,0.5,0.592,0.34,0.5,0.5,,,,,,,,,,,,,,,,,,,,,,,,,,,,,0.0,0.0,0.0,,,,,,0.0,0.0,,,,,,0.0,0.0,,,,,,0.0,0.0,,0.0,,0.0,0.6,0.52760989010989,-0.07414434779800878,0.5769230769230769,0.7875457875457875,numpy_mlp,413,,,,,,,,,0,,,,,,,0.76,,,,,,,0.5686813186813187,0.5769230769230769,,3,0.6298375537505972
122870,와이지엔터테인먼트,엔터테인먼트/게임,,,,,,,9.2202,2.1271,4.0,2.0,0.0,0.7536,0.0,0.0,0.0,0.0,0.0743,0.8088,0.5,25.0,8.1081,0.6189,0.5374,와이지엔터테인먼트(122870) 모멘텀 플레이 가능 구간,1.0,2.0,1.0,0.2308,0.0,4.0,,,,,0.0,0.0,0.0,,,,,,0.0,0.0,,,,,,0.0,0.0,,,,,,0.0,0.0,,0.0,,0.0,0.6,0.626510989010989,-0.07274529370227581,0.5879120879120879,0.6021978021978022,numpy_mlp,413,,,,,,,,,0,,,,,,,,0.6785714285714286,,,,,,0.7747252747252747,0.5879120879120879,,3,0.6281857565511411
000250,삼천당제약,제약,0.6284000000000001,0.5,1.0,0.3466666666666667,0.5,0.5,,,,,,,,,,,,,,,,,,,,,,,,,,,,,0.0,0.0,0.0,,,,,,0.0,0.0,,,,,,0.0,0.0,,,,,,0.0,0.0,,0.0,,0.0,0.6,0.52760989010989,-0.15341628512173094,0.06593406593406594,0.5164835164835164,numpy_mlp,413,,,,,,,,,0,,,,,,,1.0,,,,,,,0.5686813186813187,0.06593406593406594,,3,0.6274008600095557
105560,KB금융,금융지주/은행,0.5504,0.5,0.6799999999999999,0.6266666666666666,0.5,0.5,,,,,,,,,,,,,,,,,,,,,,,,,,,,,0.0,0.0,0.0,,,,,,0.0,0.0,,,,,,0.0,0.0,,,,,,0.0,0.0,,0.0,,0.0,0.6,0.52760989010989,-0.12051967721025117,0.4230769230769231,0.6217948717948718,numpy_mlp,413,,,,,,,,,0,,,,,,,0.82,,,,,,,0.5686813186813187,0.4230769230769231,,3,0.6234412326803632
298040,효성중공업,기계/공작기계,0.54584,0.5,0.692,0.4533333333333333,0.5,0.5,,,,,,,,,,,,,,,,,,,,,,,,,,,,,0.0,0.0,0.0,,,,,,0.0,0.0,,,,,,0.0,0.0,,,,,,0.0,0.0,,0.0,,0.0,0.6,0.52760989010989,-0.11391525708354563,0.46153846153846156,0.28479853479853484,numpy_mlp,413,,,,,,,,,0,,,,,,,0.8,,,,,,,0.5686813186813187,0.46153846153846156,,3,0.6227305303392261
035900,JYP Ent.,엔터테인먼트/게임,,,,,,,9.3189,1.9458,4.0,2.0,0.0,0.7476,0.0,0.0,0.0,0.0,0.0428,0.8248,0.5,28.9398,2.2222,0.6778,0.5374,JYP Ent.(035900) 육각형 포트폴리오를 향해,1.0,2.0,1.0,0.2338,0.0,4.0,,,,,0.0,0.0,0.0,,,,,,0.0,0.0,,,,,,0.0,0.0,,,,,,0.0,0.0,,0.0,,0.0,0.6,0.6141483516483517,-0.09781325357804954,0.5164835164835165,0.6021978021978022,numpy_mlp,413,,,,,,,,,0,,,,,,,,0.7142857142857143,,,,,,0.7472527472527473,0.5164835164835165,,3,0.618126584953508
138930,BNK금융지주,금융지주/은행,,,,,,,7.9033,2.0201,1.0,1.0,0.0,0.8,0.0,0.0,0.0,0.0,0.2337,0.6165,0.0,22.9303,0.0,1.0,0.4867,"1분기 NIM 상승과 대손비용 안정화, CET 1 비..",1.0,1.0,1.0,0.0,0.0,0.0,,,,,0.0,0.0,0.0,,,,,,0.0,0.0,,,,,,0.0,0.0,,,,,,0.0,0.0,,0.0,,0.0,0.6,0.6190934065934066,0.005649619671262943,0.7967032967032966,0.6217948717948718,numpy_mlp,413,,,,,,,,,0,,,,,,,,0.5119047619047619,,,,,,0.7582417582417582,0.7967032967032966,,3,0.6141747675401521
010120,LS ELECTRIC,기계/공작기계,0.6038399999999999,0.5,0.932,0.4599999999999999,0.5,0.5,,,,,,,,,,,,,,,,,,,,,,,,,,,,,0.0,0.0,0.0,,,,,,0.0,0.0,,,,,,0.0,0.0,,,,,,0.0,0.0,,0.0,,0.0,0.6,0.52760989010989,-0.16125077347086136,0.054945054945054944,0.28479853479853484,numpy_mlp,413,,,,,,,,,0,,,,,,,0.96,,,,,,,0.5686813186813187,0.054945054945054944,,3,0.6064859053989489
033780,KT&G,음식료/담배,0.53896,0.5,0.6679999999999999,0.6666666666666666,0.5,0.5,,,,,,,,,,,,,,,,,,,,,,,,,,,,,0.0,0.0,0.0,,,,,,0.0,0.0,,,,,,0.0,0.0,,,,,,0.0,0.0,,0.0,,0.0,0.6,0.52760989010989,-0.1200121463897057,0.43956043956043955,0.23351648351648352,numpy_mlp,413,,,,,,,,,0,,,,,,,0.74,,,,,,,0.5686813186813187,0.43956043956043955,,3,0.5901397515527951
003670,포스코퓨처엠,2차전지/배터리,0.5267999999999999,0.5,0.7,0.3933333333333333,0.5,0.5,,,,,,,,,,,,,,,,,,,,,,,,,,,,,0.0,0.0,0.0,,,,,,0.0,0.0,,,,,,0.0,0.0,,,,,,0.0,0.0,,0.0,,0.0,0.6,0.52760989010989,-0.11237163813617926,0.4835164835164835,0.635989010989011,numpy_mlp,413,,,,,,,,,0,,,,,,,0.64,,,,,,,0.5686813186813187,0.4835164835164835,,3,0.5536908743430482
005490,POSCO홀딩스,철강/비철금속,0.52448,0.5,0.524,0.5733333333333334,0.5,0.5,,,,,,,,,,,,,,,,,,,,,,,,,,,,,0.0,0.0,0.0,,,,,,0.0,0.0,,,,,,0.0,0.0,,,,,,0.0,0.0,,0.0,,0.0,0.6,0.52760989010989,-0.08431834874102204,0.554945054945055,0.4574175824175824,numpy_mlp,413,,,,,,,,,0,,,,,,,0.6,,,,,,,0.5686813186813187,0.554945054945055,,3,0.5510511227902531
256150,한독크린텍,가정용기기와용품,,,,,,,6.5715,1.8348,1.0,1.0,0.0,0.8,0.0,0.0,0.0,0.0,-0.0429,0.5798,0.0,0.0,0.0,1.0,0.4867,국내 정수기용 카본블록 필터 1위 업체,1.0,1.0,1.0,0.0,0.0,0.0,,,,,0.0,0.0,0.0,,,,,,0.0,0.0,,,,,,0.0,0.0,,,,,,0.0,0.0,,0.0,,0.0,0.6,0.6092032967032968,-0.007063464086156548,0.7802197802197802,0.7802197802197802,numpy_mlp,413,,,,,,,,,0,,,,,,,,0.35714285714285715,,,,,,0.7417582417582418,0.7802197802197802,,3,0.5459161031276415
042500,링네트,IT서비스,,,,,,,6.201,1.0966,1.0,1.0,0.0,0.8,0.0,0.0,0.0,0.0,-0.076,0.5642,0.0,0.0,0.0,1.0,0.5374,네트워크 통합(NI)의 수익 방정식,1.0,1.0,1.0,0.1975,-0.297,1.0,,,,,0.0,0.0,0.0,,,,,,0.0,0.0,,,,,,0.0,0.0,,,,,,0.0,0.0,,0.0,,0.0,0.6,0.5820054945054944,0.02772534421369329,0.8351648351648352,0.7637362637362637,numpy_mlp,413,,,,,,,,,0,,,,,,,,0.30952380952380953,,,,,,0.6868131868131868,0.8351648351648352,,3,0.5308273457311918
001040,CJ,철강/비철금속,,,,,,,7.6039,1.8347,3.0,2.0,0.0,0.7768,0.0,0.0,0.0,0.0,0.1891,0.7597,0.3333,6.7887,2.0203,0.7798,0.5374,푸드빌 호실적. 올리브영 가치도 multiple에 ..,1.0,2.0,1.0,0.0228,0.0,1.0,,,,,0.0,0.0,0.0,,,,,,0.0,0.0,,,,,,0.0,0.0,,,,,,0.0,0.0,,0.0,,0.0,0.6,0.6067307692307693,-0.08276590100822068,0.5604395604395604,0.4574175824175824,numpy_mlp,413,,,,,,,,,0,,,,,,,,0.4642857142857143,,,,,,0.7362637362637363,0.5604395604395604,,3,0.5293903212172443
086790,하나금융지주,금융지주/은행,0.5166400000000001,0.5,0.552,0.64,0.5,0.5,,,,,,,,,,,,,,,,,,,,,,,,,,,,,0.0,0.0,0.0,,,,,,0.0,0.0,,,,,,0.0,0.0,,,,,,0.0,0.0,,0.0,,0.0,0.6,0.52760989010989,-0.0940546669211694,0.532967032967033,0.6217948717948718,numpy_mlp,413,,,,,,,,,0,,,,,,,0.56,,,,,,,0.5686813186813187,0.532967032967033,,3,0.5276994744386049
096770,SK이노베이션,석유와가스,0.51256,0.5,0.528,0.4133333333333333,0.5,0.5,,,,,,,,,,,,,,,,,,,,,,,,,,,,,0.0,0.0,0.0,,,,,,0.0,0.0,,,,,,0.0,0.0,,,,,,0.0,0.0,,0.0,,0.0,0.6,0.52760989010989,-0.0772469184399335,0.5714285714285714,0.7335164835164836,numpy_mlp,413,,,,,,,,,0,,,,,,,0.54,,,,,,,0.5686813186813187,0.5714285714285714,,3,0.5269887720974678
053580,웹케시,소프트웨어,,,,,,,6.8149,1.1669,2.0,1.0,0.0,0.7777,0.0,0.0,0.0,0.0,-0.1051,0.925,0.5,42.2319,0.0,1.0,0.5115,웹케시(053580) 콥데이 後記: 금융 AI Agent 기업으로 도약 중,0.2,0.0,1.0,0.0,0.0,0.0,,,,,0.0,0.0,0.0,,,,,,0.0,0.0,,,,,,0.0,0.0,,,,,,0.0,0.0,,0.0,,0.0,0.6,0.5844780219780219,-0.0382109969592361,0.6868131868131868,0.3864468864468864,numpy_mlp,413,,,,,,,,,0,,,,,,,,0.38095238095238093,,,,,,0.6923076923076923,0.6868131868131868,,3,0.5211274302620456
298050,HS효성첨단소재,화학/석유화학,,,,,,,7.2915,0.906,1.0,1.0,0.0,0.8,0.0,0.0,0.0,0.0,-0.1328,0.5548,0.0,19.5219,0.0,1.0,0.5647,든든한 본업과 탄소섬유 기대감 부각,1.0,1.0,1.0,0.3623,0.0,2.0,,,,,0.0,0.0,0.0,,,,,,0.0,0.0,,,,,,0.0,0.0,,,,,,0.0,0.0,,0.0,,0.0,0.6,0.4732142857142857,0.012802192125251736,0.8131868131868132,0.8173076923076923,numpy_mlp,413,,,,,,,,,0,,,,,,,,0.4166666666666667,,,,,,0.45054945054945056,0.8131868131868132,,3,0.5207681741335587
066570,LG전자,전자제품,0.4943999999999999,0.5,0.36,0.54,0.5,0.5,,,,,,,,,,,,,,,,,,,,,,,,,,,,,0.0,0.0,0.0,,,,,,0.0,0.0,,,,,,0.0,0.0,,,,,,0.0,0.0,,0.0,,0.0,0.6,0.52760989010989,-0.05006057924235539,0.6593406593406593,0.5274725274725275,numpy_mlp,413,,,,,,,,,0,,,,,,,0.48,,,,,,,0.5686813186813187,0.6593406593406593,,3,0.5187649307214524
267260,HD현대일렉트릭,기계/공작기계,0.50792,0.5,0.556,0.52,0.5,0.5,,,,,,,,,,,,,,,,,,,,,,,,,,,,,0.0,0.0,0.0,,,,,,0.0,0.0,,,,,,0.0,0.0,,,,,,0.0,0.0,,0.0,,0.0,0.6,0.52760989010989,-0.09479584819109366,0.5274725274725275,0.28479853479853484,numpy_mlp,413,,,,,,,,,0,,,,,,,0.52,,,,,,,0.5686813186813187,0.5274725274725275,,3,0.5080028666985189
025540,한국단자,자동차부품,,,,,,,6.031,1.3178,1.0,1.0,0.0,0.8,0.0,0.0,0.0,0.0,0.2127,0.679,0.0,0.0,0.0,1.0,0.4632,실적 회복과 배당은 기본. 더 큰 미래도 가능..,1.0,1.0,1.0,0.0,0.0,0.0,,,,,0.0,0.0,0.0,,,,,,0.0,0.0,,,,,,0.0,0.0,,,,,,0.0,0.0,,0.0,,0.0,0.6,0.5918956043956044,-0.02494738618139257,0.7362637362637363,0.3940345368916797,numpy_mlp,413,,,,,,,,,0,,,,,,,,0.2976190476190476,,,,,,0.7087912087912088,0.7362637362637363,,3,0.5046016483516483
032830,삼성생명,보험,0.5353600000000001,0.5,0.788,0.5666666666666667,0.5,0.5,,,,,,,,,,,,,,,,,,,,,,,,,,,,,0.0,0.0,0.0,,,,,,0.0,0.0,,,,,,0.0,0.0,,,,,,0.0,0.0,,0.0,,0.0,0.6,0.52760989010989,-0.15172639564735063,0.07142857142857142,0.3461538461538461,numpy_mlp,413,,,,,,,,,0,,,,,,,0.72,,,,,,,0.5686813186813187,0.07142857142857142,,3,0.49927138079311983
035420,NAVER,IT소프트웨어 (플랫폼/SI),0.47416,0.5,0.228,0.6333333333333333,0.5,0.5,,,,,,,,,,,,,,,,,,,,,,,,,,,,,0.0,0.0,0.0,,,,,,0.0,0.0,,,,,,0.0,0.0,,,,,,0.0,0.0,,0.0,,0.0,0.6,0.52760989010989,-0.021454004007501172,0.7417582417582418,0.6336996336996337,numpy_mlp,413,,,,,,,,,0,,,,,,,0.38,,,,,,,0.5686813186813187,0.7417582417582418,,3,0.4908444816053512
178320,서진시스템,통신장비/네트워크,,,,,,,9.1585,2.3987,2.0,1.0,0.0,0.6977,0.0,0.0,0.0,0.0,-0.0038,0.925,0.5,47.2135,0.0,1.0,0.4632,서진시스템(178320) 수직계열화의 신이 보여줄 Showtime,1.0,1.0,1.0,0.0,0.0,0.0,,,,,0.0,0.0,0.0,,,,,,0.0,0.0,,,,,,0.0,0.0,,,,,,0.0,0.0,,0.0,,0.0,0.6,0.6364010989010989,-0.1894886207530927,0.03296703296703297,0.49725274725274726,numpy_mlp,413,,,,,,,,,0,,,,,,,,0.6666666666666666,,,,,,0.7967032967032966,0.03296703296703297,,3,0.4826870245139475
376930,노을,건강관리장비와용품,,,,,,,5.88,1.0926,1.0,1.0,0.0,0.8,0.0,0.0,0.0,0.0,-0.0998,0.596,0.0,0.0,0.0,1.0,0.5374,스케일업 단계로 진입,1.0,1.0,1.0,0.0,0.0,0.0,,,,,0.0,0.0,0.0,,,,,,0.0,0.0,,,,,,0.0,0.0,,,,,,0.0,0.0,,0.0,,0.0,0.6,0.579532967032967,-0.0368571569668916,0.6978021978021978,0.46703296703296704,numpy_mlp,413,,,,,,,,,0,,,,,,,,0.27380952380952384,,,,,,0.6813186813186813,0.6978021978021978,,3,0.4798129754860524
214180,헥토이노베이션,IT서비스,,,,,,,5.7158,1.1853,1.0,1.0,0.0,0.8,0.0,0.0,-0.297,0.0,-0.0047,0.6252,0.0,0.0,0.0,1.0,0.3993,실적과 모멘텀 모두 매력적이다!,1.0,1.0,1.0,0.0,0.0,0.0,,,,,0.0,0.0,0.0,,,,,,0.0,0.0,,,,,,0.0,0.0,,,,,,0.0,0.0,,0.0,,0.0,0.6,0.5869505494505495,-0.03741238210688137,0.6923076923076923,0.7637362637362637,numpy_mlp,413,,,,,,,,,0,,,,,,,,0.2619047619047619,,,,,,0.6978021978021978,0.6923076923076923,,3,0.47693892645815716
356860,티엘비,반도체와반도체장비,,,,,,,6.4777,1.4122,2.0,1.0,0.0,0.7511,0.0,0.0,0.0,0.0,0.1938,0.808,0.5,0.0,0.0,0.7,0.5647,"티엘비(356860) 티엘비, 공장투어 후기 (추가 증설 결정)",1.0,1.0,1.0,0.2785,0.0,3.0,,,,,0.0,0.0,0.0,,,,,,0.0,0.0,,,,,,0.0,0.0,,,,,,0.0,0.0,,0.0,,0.0,0.6,0.5993131868131868,-0.09689119450694456,0.521978021978022,0.6923076923076923,numpy_mlp,413,,,,,,,,,0,,,,,,,,0.34523809523809523,,,,,,0.7252747252747253,0.521978021978022,,3,0.470472316145393
042660,한화오션,조선/해양,0.47104,0.5,0.332,0.4333333333333333,0.5,0.5,,,,,,,,,,,,,,,,,,,,,,,,,,,,,0.0,0.0,0.0,,,,,,0.0,0.0,,,,,,0.0,0.0,,,,,,0.0,0.0,,0.0,,0.0,0.6,0.52760989010989,-0.045548020289727445,0.6758241758241759,0.6492673992673993,numpy_mlp,413,,,,,,,,,0,,,,,,,0.36,,,,,,,0.5686813186813187,0.6758241758241759,,3,0.46698518872431916
068270,셀트리온,제약/바이오 (대형),0.4845599999999999,0.5,0.488,0.6066666666666666,0.5,0.5,,,,,,,,,,,,,,,,,,,,,,,,,,,,,0.0,0.0,0.0,,,,,,0.0,0.0,,,,,,0.0,0.0,,,,,,0.0,0.0,,0.0,,0.0,0.6,0.52760989010989,-0.08531931467445267,0.5494505494505495,0.5467032967032968,numpy_mlp,413,,,,,,,,,0,,,,,,,0.42,,,,,,,0.5686813186813187,0.5494505494505495,,3,0.4666806020066889
069540,,통신장비,,,,,,,,,,,,,,,,,,,,,,,,,,,,,,,0.864,-1.5758,-4.0709,-0.6566,2.0,0.0,2.0,DILUTION,negative,7.77,immediate_close,낮음,1.0,25.0,표본 얕음,가격이 충분히 붙지 않아 아직 과신보다 관찰이 먼저입니다.,표본 얕음,재료는 보이지만 아직 단독 판단 근거로 쓰기에는 표본이 적습니다.,통신장비/네트워크,0.0,0.0,,,,,,0.0,-0.1843,100.0,4.0,초기 반응과 유지력,0.0,0.6,0.3743131868131868,-0.1489406851599694,0.23626373626373626,0.09523809523809523,numpy_mlp,413,,,,,,,,,0,,,,,,,,,,,,,,0.23076923076923078,0.23626373626373626,0.975,3,0.4582749911378944
245620,,생명과학도구및서비스,,,,,,,,,,,,,,,,,,,,,,,,,,,,,,,0.864,-1.5758,-4.0709,-0.6566,2.0,0.0,2.0,DILUTION,negative,8.54,immediate_close,낮음,1.0,25.0,표본 얕음,가격이 충분히 붙지 않아 아직 과신보다 관찰이 먼저입니다.,표본 얕음,재료는 보이지만 아직 단독 판단 근거로 쓰기에는 표본이 적습니다.,생명과학도구및서비스,0.0,0.0,해석 보류,성과 대기,아직 5일 성과가 붙은 표본이 없어 방향 판단을 내리기 어렵습니다.,아직 5일 성과가 붙지 않아 방향 판단보다 기록 축적이 먼저입니다.,성과 대기,0.0,-0.1843,100.0,4.0,초기 반응과 유지력,0.0,0.6,0.3743131868131868,-0.1489406851599694,0.23626373626373626,0.23626373626373623,numpy_mlp,413,,,,,,,,,0,,,,,,,,,,,,,,0.23076923076923078,0.23626373626373626,0.975,3,0.4582749911378944
340930,,전자장비와기기,,,,,,,,,,,,,,,,,,,,,,,,,,,,,,,0.864,-1.5758,-4.0709,-0.6566,1.0,0.0,1.0,DILUTION,negative,8.54,immediate_close,낮음,1.0,25.0,표본 얕음,가격이 충분히 붙지 않아 아직 과신보다 관찰이 먼저입니다.,표본 얕음,재료는 보이지만 아직 단독 판단 근거로 쓰기에는 표본이 적습니다.,전자장비와기기,0.0,0.0,해석 보류,성과 대기,아직 5일 성과가 붙은 표본이 없어 방향 판단을 내리기 어렵습니다.,아직 5일 성과가 붙지 않아 방향 판단보다 기록 축적이 먼저입니다.,성과 대기,0.0,-0.1843,100.0,4.0,초기 반응과 유지력,0.0,0.6,0.3743131868131868,-0.1489406851599694,0.23626373626373626,0.2087912087912088,numpy_mlp,413,,,,,,,,,0,,,,,,,,,,,,,,0.23076923076923078,0.23626373626373626,0.975,3,0.4582749911378944
010140,삼성중공업,조선/해양,0.46896,0.5,0.288,0.42,0.5,0.5,,,,,,,,,,,,,,,,,,,,,,,,,,,,,0.0,0.0,0.0,,,,,,0.0,0.0,,,,,,0.0,0.0,,,,,,0.0,0.0,,0.0,,0.0,0.6,0.52760989010989,-0.03574149488675375,0.7032967032967034,0.6492673992673993,numpy_mlp,413,,,,,,,,,0,,,,,,,0.32,,,,,,,0.5686813186813187,0.7032967032967034,,3,0.4545986622073579
053030,바이넥스,제약,,,,,,,6.3471,1.3456,2.0,1.0,0.0,0.746,0.0,0.0,0.0,0.0,-0.0687,0.8069,0.5,0.0,0.0,0.7,0.5115,바이넥스(053030) 상업화 생산 확대를 위한 준비,1.0,1.0,1.0,0.2759,0.0,3.0,,,,,0.0,0.0,0.0,,,,,,0.0,0.0,,,,,,0.0,0.0,,,,,,0.0,0.0,,0.0,,0.0,0.6,0.5968406593406593,-0.11335954154869335,0.4725274725274725,0.5164835164835164,numpy_mlp,413,,,,,,,,,0,,,,,,,,0.32142857142857145,,,,,,0.7197802197802198,0.4725274725274725,,3,0.4471206677937447
000040,,자동차,,,,,,,,,,,,,,,,,,,,,,,,,,,,,,,0.6973,-1.2718,-3.2854,-0.5299,3.0,0.0,2.0,DILUTION,negative,0.9,immediate_close,낮음,1.0,25.0,표본 얕음,가격이 충분히 붙지 않아 아직 과신보다 관찰이 먼저입니다.,표본 얕음,재료는 보이지만 아직 단독 판단 근거로 쓰기에는 표본이 적습니다.,자동차/완성차,0.0,0.0,,,,,,0.0,-0.1843,100.0,4.0,초기 반응과 유지력,0.0,0.6,0.3743131868131868,-0.1489406851599694,0.23626373626373626,0.23626373626373626,numpy_mlp,413,,,,,,,,,0,,,,,,,,,,,,,,0.23076923076923078,0.23626373626373626,0.9333333333333333,3,0.44685025995509875
052770,,게임엔터테인먼트,,,,,,,,,,,,,,,,,,,,,,,,,,,,,,,0.432,-0.7879,-2.0353,-0.3283,2.0,0.0,1.0,CORRECTION,neutral,0.91,immediate_close,낮음,1.0,5.56,표본 얕음,가격이 충분히 붙지 않아 아직 과신보다 관찰이 먼저입니다.,존재 확인,방향성이 약한 공시라 단독 매수 재료보다 존재 여부만 확인하는 편이 낫습니다.,엔터테인먼트/미디어,0.0,0.0,해석 보류,존재 확인,아직 5일 성과가 붙은 표본이 없어 방향 판단을 내리기 어렵습니다.,방향성이 약한 공시가 많아 매수 재료보다 존재 여부만 확인하는 편이 낫습니다.,성과 대기,0.0,-0.078,0.0,18.0,반응 약함,0.0,0.6,0.3743131868131868,-0.1489406851599694,0.23626373626373626,0.41758241758241754,numpy_mlp,413,,,,,,,,,0,,,,,,,,,,,,,,0.23076923076923078,0.23626373626373626,0.9083333333333333,3,0.43999542124542124
355690,,전자장비와기기,,,,,,,,,,,,,,,,,,,,,,,,,,,,,,,0.432,-0.7879,-2.0355,-0.3283,2.0,0.0,1.0,CORRECTION,neutral,11.54,immediate_close,낮음,1.0,5.56,표본 얕음,가격이 충분히 붙지 않아 아직 과신보다 관찰이 먼저입니다.,존재 확인,방향성이 약한 공시라 단독 매수 재료보다 존재 여부만 확인하는 편이 낫습니다.,전자장비와기기,0.0,0.0,해석 보류,존재 확인,아직 5일 성과가 붙은 표본이 없어 방향 판단을 내리기 어렵습니다.,방향성이 약한 공시가 많아 매수 재료보다 존재 여부만 확인하는 편이 낫습니다.,성과 대기,0.0,-0.078,0.0,18.0,반응 약함,0.0,0.6,0.3743131868131868,-0.1489406851599694,0.23626373626373626,0.2087912087912088,numpy_mlp,413,,,,,,,,,0,,,,,,,,,,,,,,0.23076923076923078,0.23626373626373626,0.9083333333333333,3,0.43999542124542124
028050,삼성E&A,건설,,,,,,,6.3561,0.0857,1.0,1.0,0.0,0.8,0.0,0.0,0.0,0.0,-0.1142,0.5495,0.0,23.6264,0.0,1.0,0.4867,실적보다는 높아진 뉴에너지 성장성에 주목,1.0,1.0,1.0,0.227,0.0,1.0,,,,,0.0,0.0,0.0,,,,,,0.0,0.0,,,,,,0.0,0.0,,,,,,0.0,0.0,,0.0,,0.0,0.6,0.44848901098901095,-0.055362879627478635,0.6428571428571429,0.2884615384615385,numpy_mlp,413,,,,,,,,,0,,,,,,,,0.3333333333333333,,,,,,0.3956043956043956,0.6428571428571429,,3,0.4327504226542688
097230,HJ중공업,건설,,,,,,,8.1677,1.3423,2.0,1.0,0.0,0.7414,0.0,0.0,0.0,0.0,-0.036,0.7521,0.5,66.0079,0.0,1.0,0.4632,HJ중공업(097230) 신호탄,1.0,1.0,1.0,0.0,0.0,0.0,,,,,0.0,0.0,0.0,,,,,,0.0,0.0,,,,,,0.0,0.0,,,,,,0.0,0.0,,0.0,,0.0,0.6,0.5943681318681319,-0.18747393440565827,0.038461538461538464,0.2884615384615385,numpy_mlp,413,,,,,,,,,0,,,,,,,,0.5476190476190477,,,,,,0.7142857142857143,0.038461538461538464,,3,0.42125422654268807
402340,SK스퀘어,복합기업,0.46768,0.5,0.484,0.3733333333333333,0.5,0.5,,,,,,,,,,,,,,,,,,,,,,,,,,,,,0.0,0.0,0.0,,,,,,0.0,0.0,,,,,,0.0,0.0,,,,,,0.0,0.0,,0.0,,0.0,0.6,0.52760989010989,-0.07352985790807423,0.5824175824175825,0.8241758241758242,numpy_mlp,413,,,,,,,,,0,,,,,,,0.3,,,,,,,0.5686813186813187,0.5824175824175825,,3,0.418555900621118
051910,LG화학,화학/석유화학,0.4643199999999999,0.5,0.396,0.44,0.5,0.5,,,,,,,,,,,,,,,,,,,,,,,,,,,,,0.0,0.0,0.0,,,,,,0.0,0.0,,,,,,0.0,0.0,,,,,,0.0,0.0,,0.0,,0.0,0.6,0.52760989010989,-0.06197212796306421,0.6208791208791209,0.8173076923076923,numpy_mlp,413,,,,,,,,,0,,,,,,,0.28,,,,,,,0.5686813186813187,0.6208791208791209,,3,0.4178451982799809
089850,유비벨록스,전자제품,,,,,,,5.9578,1.4501,2.0,1.0,0.0,0.762,0.0,0.0,0.0,0.0,0.1938,0.8071,0.5,0.0,0.0,0.7,0.5647,유비벨록스(089850) 독점적 지위 갖춰가는 사업 한두 개가 아니다,1.0,1.0,1.0,0.0,0.0,0.0,,,,,0.0,0.0,0.0,,,,,,0.0,0.0,,,,,,0.0,0.0,,,,,,0.0,0.0,,0.0,,0.0,0.6,0.6017857142857144,-0.14870849452894846,0.3956043956043956,0.5274725274725275,numpy_mlp,413,,,,,,,,,0,,,,,,,,0.2857142857142857,,,,,,0.7307692307692307,0.3956043956043956,,3,0.41514687235841075
024110,기업은행,금융지주/은행,0.46184,0.5,0.392,0.6533333333333333,0.5,0.5,,,,,,,,,,,,,,,,,,,,,,,,,,,,,0.0,0.0,0.0,,,,,,0.0,0.0,,,,,,0.0,0.0,,,,,,0.0,0.0,,0.0,,0.0,0.6,0.52760989010989,-0.06491309259804803,0.6153846153846154,0.6217948717948718,numpy_mlp,413,,,,,,,,,0,,,,,,,0.26,,,,,,,0.5686813186813187,0.6153846153846154,,3,0.40738772097467757
041510,에스엠,엔터테인먼트/게임,,,,,,,7.135,0.8736,4.0,2.0,0.0,0.7474,0.0,0.0,0.0,0.0,0.0648,0.8355,0.5,18.6147,2.1898,0.6781,0.5374,에스엠(041510) P/E 밴드 하단에서 여전히 매력적인 투자처,0.5965,1.0,1.0,0.2754,0.0,4.0,,,,,0.0,0.0,0.0,,,,,,0.0,0.0,,,,,,0.0,0.0,,,,,,0.0,0.0,,0.0,,0.0,0.6,0.47074175824175823,-0.1441109844583686,0.4010989010989011,0.6021978021978022,numpy_mlp,413,,,,,,,,,0,,,,,,,,0.40476190476190477,,,,,,0.44505494505494503,0.4010989010989011,,3,0.4072432375316991
456160,지투지바이오,제약,,,,,,,5.4113,0.1415,1.0,1.0,0.0,0.8,0.0,0.0,0.0,0.0,-0.132,0.5585,0.0,0.0,0.0,1.0,0.4867,삼성에피스 L/O 성공에 투자 유치까지,1.0,1.0,1.0,0.3109,0.0,2.0,,,,,0.0,0.0,0.0,,,,,,0.0,0.0,,,,,,0.0,0.0,,,,,,0.0,0.0,,0.0,,0.0,0.6,0.45096153846153847,-0.0349217829264856,0.7087912087912088,0.5164835164835164,numpy_mlp,413,,,,,,,,,0,,,,,,,,0.21428571428571427,,,,,,0.4010989010989011,0.7087912087912088,,3,0.40436918850380377
012330,현대모비스,자동차부품/타이어,0.46056,0.5,0.408,0.5266666666666667,0.5,0.5,,,,,,,,,,,,,,,,,,,,,,,,,,,,,0.0,0.0,0.0,,,,,,0.0,0.0,,,,,,0.0,0.0,,,,,,0.0,0.0,,0.0,,0.0,0.6,0.52760989010989,-0.07023147557631551,0.5934065934065934,0.7857142857142857,numpy_mlp,413,,,,,,,,,0,,,,,,,0.24,,,,,,,0.5686813186813187,0.5934065934065934,,3,0.3932752030578117
064350,현대로템,자동차/완성차,0.4472,0.5,0.16,0.3999999999999999,0.5,0.5,,,,,,,,,,,,,,,,,,,,,,,,,,,,,0.0,0.0,0.0,,,,,,0.0,0.0,,,,,,0.0,0.0,,,,,,0.0,0.0,,0.0,,0.0,0.6,0.52760989010989,-0.014781499264506167,0.7582417582417582,0.7032967032967034,numpy_mlp,413,,,,,,,,,0,,,,,,,0.16,,,,,,,0.5686813186813187,0.7582417582417582,,3,0.3928690874343048
086280,현대글로비스,운송/해운/항공,0.45976,0.5,0.388,0.58,0.5,0.5,,,,,,,,,,,,,,,,,,,,,,,,,,,,,0.0,0.0,0.0,,,,,,0.0,0.0,,,,,,0.0,0.0,,,,,,0.0,0.0,,0.0,,0.0,0.6,0.52760989010989,-0.06608424806361521,0.6098901098901099,0.6236263736263736,numpy_mlp,413,,,,,,,,,0,,,,,,,0.22,,,,,,,0.5686813186813187,0.6098901098901099,,3,0.3876911132345916
015760,한국전력,전력/유틸리티,0.42704,0.5,0.112,0.5466666666666667,0.5,0.5,,,,,,,,,,,,,,,,,,,,,,,,,,,,,0.0,0.0,0.0,,,,,,0.0,0.0,,,,,,0.0,0.0,,,,,,0.0,0.0,,0.0,,0.0,0.6,0.52760989010989,-0.01100591227979729,0.7692307692307693,0.6126373626373627,numpy_mlp,413,,,,,,,,,0,,,,,,,0.14,,,,,,,0.5686813186813187,0.7692307692307693,,3,0.3860666507405638
226330,신테카바이오,건강관리업체및서비스,,,,,,,6.9336,2.65,2.0,1.0,0.0,0.6802,0.0,0.0,0.0,0.0,-0.0153,0.925,0.5,0.0,0.0,0.7,0.4632,신테카바이오(226330) AI 신약개발플랫폼 사업의 본격적인 실적 성장 기대,1.0,1.0,1.0,0.0,0.0,0.0,,,,,0.0,0.0,0.0,,,,,,0.0,0.0,,,,,,0.0,0.0,,,,,,0.0,0.0,,0.0,,0.0,0.6,0.6512362637362636,-0.21513006030714144,0.016483516483516484,0.016483516483516484,numpy_mlp,413,,,,,,,,,0,,,,,,,,0.39285714285714285,,,,,,0.8296703296703297,0.016483516483516484,,3,0.37742497886728654
011200,HMM,운송/해운/항공,0.4519999999999999,0.5,0.3399999999999999,0.5066666666666667,0.5,0.5,,,,,,,,,,,,,,,,,,,,,,,,,,,,,0.0,0.0,0.0,,,,,,0.0,0.0,,,,,,0.0,0.0,,,,,,0.0,0.0,,0.0,,0.0,0.6,0.52760989010989,-0.05581362647650166,0.6373626373626373,0.6236263736263736,numpy_mlp,413,,,,,,,,,0,,,,,,,0.18,,,,,,,0.5686813186813187,0.6373626373626373,,3,0.37530458671763023
000810,삼성화재,보험,0.4257599999999999,0.5,0.188,0.6133333333333333,0.5,0.5,,,,,,,,,,,,,,,,,,,,,,,,,,,,,0.0,0.0,0.0,,,,,,0.0,0.0,,,,,,0.0,0.0,,,,,,0.0,0.0,,0.0,,0.0,0.6,0.52760989010989,-0.02555452949680357,0.7307692307692307,0.3461538461538461,numpy_mlp,413,,,,,,,,,0,,,,,,,0.12,,,,,,,0.5686813186813187,0.7307692307692307,,3,0.36829909221213564
035720,카카오,IT소프트웨어 (플랫폼/SI),0.4232,0.5,0.14,0.5133333333333333,0.5,0.5,,,,,,,,,,,,,,,,,,,,,,,,,,,,,0.0,0.0,0.0,,,,,,0.0,0.0,,,,,,0.0,0.0,,,,,,0.0,0.0,,0.0,,0.0,0.6,0.52760989010989,-0.019055339446250825,0.7472527472527473,0.6336996336996337,numpy_mlp,413,,,,,,,,,0,,,,,,,0.1,,,,,,,0.5686813186813187,0.7472527472527473,,3,0.3627150023889154
271560,오리온,음식료/담배,,,,,,,7.9978,0.9476,4.0,3.0,0.0,0.7662,0.0,0.0,0.0,0.0,-0.0467,0.7071,0.25,30.2474,4.7176,0.8028,0.5115,"춘절 끝, 이제는 앞만 보고 달린다",0.7018,2.0,1.0,0.0,0.0,0.0,,,,,0.0,0.0,0.0,,,,,,0.0,0.0,,,,,,0.0,0.0,,,,,,0.0,0.0,,0.0,,0.0,0.6,0.47568681318681316,-0.19126184755292241,0.027472527472527472,0.23351648351648352,numpy_mlp,413,,,,,,,,,0,,,,,,,,0.5238095238095238,,,,,,0.45604395604395603,0.027472527472527472,,3,0.35838440405748095
004690,삼천리,전력/유틸리티,,,,,,,5.437,0.6496,1.0,1.0,0.0,0.8,0.0,0.0,0.0,0.0,0.2215,0.596,0.0,0.0,0.0,1.0,0.5374,보유 자사주 소각 긍정적,1.0,1.0,1.0,0.0,0.0,0.0,,,,,0.0,0.0,0.0,,,,,,0.0,0.0,,,,,,0.0,0.0,,,,,,0.0,0.0,,0.0,,0.0,0.6,0.4633241758241758,-0.11540408663745991,0.45604395604395603,0.6126373626373627,numpy_mlp,413,,,,,,,,,0,,,,,,,,0.25,,,,,,0.42857142857142855,0.45604395604395603,,3,0.3576658918005071
078520,에이블씨엔씨,화장품,,,,,,,5.4155,0.7023,1.0,1.0,0.0,0.8,0.0,0.0,0.0,0.0,-0.0196,0.7312,0.0,0.0,0.0,1.0,0.4632,"실적, 밸류에이션, 주주환원 완벽한 3박자",1.0,1.0,1.0,0.0,0.0,0.0,,,,,0.0,0.0,0.0,,,,,,0.0,0.0,,,,,,0.0,0.0,,,,,,0.0,0.0,,0.0,,0.0,0.6,0.46826923076923077,-0.11319359982843083,0.47802197802197804,0.2846153846153846,numpy_mlp,413,,,,,,,,,0,,,,,,,,0.2261904761904762,,,,,,0.43956043956043955,0.47802197802197804,,3,0.35622886728655956
009540,HD한국조선해양,조선/해양,0.40944,0.5,0.112,0.5933333333333334,0.5,0.5,,,,,,,,,,,,,,,,,,,,,,,,,,,,,0.0,0.0,0.0,,,,,,0.0,0.0,,,,,,0.0,0.0,,,,,,0.0,0.0,,0.0,,0.0,0.6,0.52760989010989,-0.013566750215895061,0.7637362637362637,0.6492673992673993,numpy_mlp,413,,,,,,,,,0,,,,,,,0.06,,,,,,,0.5686813186813187,0.7637362637362637,,3,0.34789178213091254
001260,,건설,,,,,,,,,,,,,,,,,,,,,,,,,,,,,,,0.0,0.0,0.0,0.0,1.0,0.0,0.0,SUPPLY_UPDATE,neutral,11.54,immediate_close,낮음,0.0,0.0,해석 보류,아직 5일 성과가 붙은 표본이 없어 방향 판단을 내리기 어렵습니다.,존재 확인,방향성이 약한 공시라 단독 매수 재료보다 존재 여부만 확인하는 편이 낫습니다.,건설/건자재,0.0,0.0,해석 보류,존재 확인,아직 5일 성과가 붙은 표본이 없어 방향 판단을 내리기 어렵습니다.,방향성이 약한 공시가 많아 매수 재료보다 존재 여부만 확인하는 편이 낫습니다.,성과 대기,0.0,-0.0,,1.0,성과 대기,0.0,0.6,0.3743131868131868,-0.1489406851599694,0.23626373626373626,0.2884615384615385,numpy_mlp,413,,,,,,,,,0,,,,,,,,,,,,,,0.23076923076923078,0.23626373626373626,0.5333333333333333,3,0.33717284060026
002960,,화학,,,,,,,,,,,,,,,,,,,,,,,,,,,,,,,0.0,0.0,0.0,0.0,2.0,0.0,0.0,CORRECTION,neutral,8.54,immediate_close,낮음,1.0,5.56,표본 얕음,가격이 충분히 붙지 않아 아직 과신보다 관찰이 먼저입니다.,존재 확인,방향성이 약한 공시라 단독 매수 재료보다 존재 여부만 확인하는 편이 낫습니다.,화학,0.0,0.0,해석 보류,존재 확인,아직 5일 성과가 붙은 표본이 없어 방향 판단을 내리기 어렵습니다.,방향성이 약한 공시가 많아 매수 재료보다 존재 여부만 확인하는 편이 낫습니다.,성과 대기,0.0,-0.078,0.0,18.0,반응 약함,0.0,0.6,0.3743131868131868,-0.1489406851599694,0.23626373626373626,0.456828885400314,numpy_mlp,413,,,,,,,,,0,,,,,,,,,,,,,,0.23076923076923078,0.23626373626373626,0.5333333333333333,3,0.33717284060026
004270,,전자장비와기기,,,,,,,,,,,,,,,,,,,,,,,,,,,,,,,0.0,0.0,0.0,0.0,1.0,0.0,0.0,CORRECTION,neutral,11.54,immediate_close,낮음,1.0,5.56,표본 얕음,가격이 충분히 붙지 않아 아직 과신보다 관찰이 먼저입니다.,존재 확인,방향성이 약한 공시라 단독 매수 재료보다 존재 여부만 확인하는 편이 낫습니다.,전자장비와기기,0.0,0.0,해석 보류,존재 확인,아직 5일 성과가 붙은 표본이 없어 방향 판단을 내리기 어렵습니다.,방향성이 약한 공시가 많아 매수 재료보다 존재 여부만 확인하는 편이 낫습니다.,성과 대기,0.0,-0.078,0.0,18.0,반응 약함,0.0,0.6,0.3743131868131868,-0.1489406851599694,0.23626373626373626,0.2087912087912088,numpy_mlp,413,,,,,,,,,0,,,,,,,,,,,,,,0.23076923076923078,0.23626373626373626,0.5333333333333333,3,0.33717284060026
011000,,생물공학,,,,,,,,,,,,,,,,,,,,,,,,,,,,,,,0.0,0.0,0.0,0.0,1.0,0.0,0.0,CORRECTION,neutral,11.54,immediate_close,낮음,1.0,5.56,표본 얕음,가격이 충분히 붙지 않아 아직 과신보다 관찰이 먼저입니다.,존재 확인,방향성이 약한 공시라 단독 매수 재료보다 존재 여부만 확인하는 편이 낫습니다.,생물공학,0.0,0.0,해석 보류,존재 확인,아직 5일 성과가 붙은 표본이 없어 방향 판단을 내리기 어렵습니다.,방향성이 약한 공시가 많아 매수 재료보다 존재 여부만 확인하는 편이 낫습니다.,성과 대기,0.0,-0.078,0.0,18.0,반응 약함,0.0,0.6,0.3743131868131868,-0.1489406851599694,0.23626373626373626,0.3708791208791209,numpy_mlp,413,,,,,,,,,0,,,,,,,,,,,,,,0.23076923076923078,0.23626373626373626,0.5333333333333333,3,0.33717284060026
015360,,가스유틸리티,,,,,,,,,,,,,,,,,,,,,,,,,,,,,,,0.0,0.0,0.0,0.0,1.0,0.0,0.0,CORRECTION,neutral,11.54,immediate_close,낮음,1.0,5.56,표본 얕음,가격이 충분히 붙지 않아 아직 과신보다 관찰이 먼저입니다.,존재 확인,방향성이 약한 공시라 단독 매수 재료보다 존재 여부만 확인하는 편이 낫습니다.,전력/유틸리티,0.0,0.0,해석 보류,존재 확인,아직 5일 성과가 붙은 표본이 없어 방향 판단을 내리기 어렵습니다.,방향성이 약한 공시가 많아 매수 재료보다 존재 여부만 확인하는 편이 낫습니다.,성과 대기,0.0,-0.078,0.0,18.0,반응 약함,0.0,0.6,0.3743131868131868,-0.1489406851599694,0.23626373626373626,0.23626373626373626,numpy_mlp,413,,,,,,,,,0,,,,,,,,,,,,,,0.23076923076923078,0.23626373626373626,0.5333333333333333,3,0.33717284060026
024910,,자동차부품,,,,,,,,,,,,,,,,,,,,,,,,,,,,,,,0.0,0.0,0.0,0.0,1.0,0.0,0.0,CORRECTION,neutral,8.07,immediate_close,낮음,1.0,5.56,표본 얕음,가격이 충분히 붙지 않아 아직 과신보다 관찰이 먼저입니다.,존재 확인,방향성이 약한 공시라 단독 매수 재료보다 존재 여부만 확인하는 편이 낫습니다.,자동차부품/타이어,0.0,0.0,,,,,,0.0,-0.078,0.0,18.0,반응 약함,0.0,0.6,0.3743131868131868,-0.1489406851599694,0.23626373626373626,0.3940345368916797,numpy_mlp,413,,,,,,,,,0,,,,,,,,,,,,,,0.23076923076923078,0.23626373626373626,0.5333333333333333,3,0.33717284060026
030210,,증권,,,,,,,,,,,,,,,,,,,,,,,,,,,,,,,0.0,0.0,0.0,0.0,1.0,0.0,0.0,LARGE_HOLDER,neutral,11.54,immediate_close,낮음,1.0,20.0,표본 얕음,가격이 충분히 붙지 않아 아직 과신보다 관찰이 먼저입니다.,존재 확인,방향성이 약한 공시라 단독 매수 재료보다 존재 여부만 확인하는 편이 낫습니다.,증권,0.0,0.0,해석 보류,존재 확인,아직 5일 성과가 붙은 표본이 없어 방향 판단을 내리기 어렵습니다.,방향성이 약한 공시가 많아 매수 재료보다 존재 여부만 확인하는 편이 낫습니다.,성과 대기,0.0,0.0676,100.0,5.0,시간차 반응,0.0,0.6,0.3743131868131868,-0.1489406851599694,0.23626373626373626,0.3351648351648352,numpy_mlp,413,,,,,,,,,0,,,,,,,,,,,,,,0.23076923076923078,0.23626373626373626,0.5333333333333333,3,0.33717284060026
031860,,컴퓨터와주변기기,,,,,,,,,,,,,,,,,,,,,,,,,,,,,,,0.0,0.0,0.0,0.0,2.0,0.0,0.0,CORRECTION,neutral,7.78,immediate_close,낮음,1.0,5.56,표본 얕음,가격이 충분히 붙지 않아 아직 과신보다 관찰이 먼저입니다.,존재 확인,방향성이 약한 공시라 단독 매수 재료보다 존재 여부만 확인하는 편이 낫습니다.,컴퓨터와주변기기,0.0,0.0,,,,,,0.0,-0.078,0.0,18.0,반응 약함,0.0,0.6,0.3743131868131868,-0.1489406851599694,0.23626373626373626,0.3241758241758242,numpy_mlp,413,,,,,,,,,0,,,,,,,,,,,,,,0.23076923076923078,0.23626373626373626,0.5333333333333333,3,0.33717284060026
033290,,의류/섬유,,,,,,,,,,,,,,,,,,,,,,,,,,,,,,,0.0,0.0,0.0,0.0,1.0,0.0,0.0,CORRECTION,neutral,8.54,immediate_close,낮음,1.0,5.56,표본 얕음,가격이 충분히 붙지 않아 아직 과신보다 관찰이 먼저입니다.,존재 확인,방향성이 약한 공시라 단독 매수 재료보다 존재 여부만 확인하는 편이 낫습니다.,의류/섬유,0.0,0.0,,,,,,0.0,-0.078,0.0,18.0,반응 약함,0.0,0.6,0.3743131868131868,-0.1489406851599694,0.23626373626373626,0.510989010989011,numpy_mlp,413,,,,,,,,,0,,,,,,,,,,,,,,0.23076923076923078,0.23626373626373626,0.5333333333333333,3,0.33717284060026
037270,,방송과엔터테인먼트,,,,,,,,,,,,,,,,,,,,,,,,,,,,,,,0.0,0.0,0.0,0.0,1.0,0.0,0.0,CORRECTION,neutral,11.54,immediate_close,낮음,1.0,5.56,표본 얕음,가격이 충분히 붙지 않아 아직 과신보다 관찰이 먼저입니다.,존재 확인,방향성이 약한 공시라 단독 매수 재료보다 존재 여부만 확인하는 편이 낫습니다.,엔터테인먼트/미디어,0.0,0.0,해석 보류,존재 확인,아직 5일 성과가 붙은 표본이 없어 방향 판단을 내리기 어렵습니다.,방향성이 약한 공시가 많아 매수 재료보다 존재 여부만 확인하는 편이 낫습니다.,성과 대기,0.0,-0.078,0.0,18.0,반응 약함,0.0,0.6,0.3743131868131868,-0.1489406851599694,0.23626373626373626,0.23626373626373626,numpy_mlp,413,,,,,,,,,0,,,,,,,,,,,,,,0.23076923076923078,0.23626373626373626,0.5333333333333333,3,0.33717284060026
037330,,디스플레이장비및부품,,,,,,,,,,,,,,,,,,,,,,,,,,,,,,,0.0,0.0,0.0,0.0,7.0,0.0,0.0,CORRECTION,neutral,8.2,immediate_close,낮음,1.0,5.56,표본 얕음,가격이 충분히 붙지 않아 아직 과신보다 관찰이 먼저입니다.,존재 확인,방향성이 약한 공시라 단독 매수 재료보다 존재 여부만 확인하는 편이 낫습니다.,디스플레이/IT부품,0.0,0.0,,,,,,0.0,-0.078,0.0,18.0,반응 약함,0.0,0.6,0.3743131868131868,-0.1489406851599694,0.23626373626373626,0.5274725274725275,numpy_mlp,413,,,,,,,,,0,,,,,,,,,,,,,,0.23076923076923078,0.23626373626373626,0.5333333333333333,3,0.33717284060026
049430,,기계,,,,,,,,,,,,,,,,,,,,,,,,,,,,,,,0.0,0.0,0.0,0.0,1.0,0.0,0.0,CORRECTION,neutral,10.79,immediate_close,낮음,1.0,5.56,표본 얕음,가격이 충분히 붙지 않아 아직 과신보다 관찰이 먼저입니다.,존재 확인,방향성이 약한 공시라 단독 매수 재료보다 존재 여부만 확인하는 편이 낫습니다.,기계/공작기계,0.0,0.0,해석 보류,존재 확인,아직 5일 성과가 붙은 표본이 없어 방향 판단을 내리기 어렵습니다.,방향성이 약한 공시가 많아 매수 재료보다 존재 여부만 확인하는 편이 낫습니다.,성과 대기,0.0,-0.078,0.0,18.0,반응 약함,0.0,0.6,0.3743131868131868,-0.1489406851599694,0.23626373626373626,0.23626373626373626,numpy_mlp,413,,,,,,,,,0,,,,,,,,,,,,,,0.23076923076923078,0.23626373626373626,0.5333333333333333,3,0.33717284060026
059270,,기계,,,,,,,,,,,,,,,,,,,,,,,,,,,,,,,0.0,0.0,0.0,0.0,1.0,0.0,0.0,CORRECTION,neutral,11.54,immediate_close,낮음,1.0,5.56,표본 얕음,가격이 충분히 붙지 않아 아직 과신보다 관찰이 먼저입니다.,존재 확인,방향성이 약한 공시라 단독 매수 재료보다 존재 여부만 확인하는 편이 낫습니다.,기계/공작기계,0.0,0.0,해석 보류,존재 확인,아직 5일 성과가 붙은 표본이 없어 방향 판단을 내리기 어렵습니다.,방향성이 약한 공시가 많아 매수 재료보다 존재 여부만 확인하는 편이 낫습니다.,성과 대기,0.0,-0.078,0.0,18.0,반응 약함,0.0,0.6,0.3743131868131868,-0.1489406851599694,0.23626373626373626,0.23626373626373626,numpy_mlp,413,,,,,,,,,0,,,,,,,,,,,,,,0.23076923076923078,0.23626373626373626,0.5333333333333333,3,0.33717284060026
067990,,자동차,,,,,,,,,,,,,,,,,,,,,,,,,,,,,,,0.0,0.0,0.0,0.0,1.0,0.0,0.0,CORRECTION,neutral,8.54,immediate_close,낮음,1.0,5.56,표본 얕음,가격이 충분히 붙지 않아 아직 과신보다 관찰이 먼저입니다.,존재 확인,방향성이 약한 공시라 단독 매수 재료보다 존재 여부만 확인하는 편이 낫습니다.,자동차/완성차,0.0,0.0,해석 보류,존재 확인,아직 5일 성과가 붙은 표본이 없어 방향 판단을 내리기 어렵습니다.,방향성이 약한 공시가 많아 매수 재료보다 존재 여부만 확인하는 편이 낫습니다.,성과 대기,0.0,-0.078,0.0,18.0,반응 약함,0.0,0.6,0.3743131868131868,-0.1489406851599694,0.23626373626373626,0.23626373626373626,numpy_mlp,413,,,,,,,,,0,,,,,,,,,,,,,,0.23076923076923078,0.23626373626373626,0.5333333333333333,3,0.33717284060026
075580,,조선,,,,,,,,,,,,,,,,,,,,,,,,,,,,,,,0.0,0.0,0.0,0.0,1.0,0.0,0.0,LARGE_HOLDER,neutral,11.54,immediate_close,낮음,1.0,20.0,표본 얕음,가격이 충분히 붙지 않아 아직 과신보다 관찰이 먼저입니다.,존재 확인,방향성이 약한 공시라 단독 매수 재료보다 존재 여부만 확인하는 편이 낫습니다.,조선/해양,0.0,0.0,해석 보류,존재 확인,아직 5일 성과가 붙은 표본이 없어 방향 판단을 내리기 어렵습니다.,방향성이 약한 공시가 많아 매수 재료보다 존재 여부만 확인하는 편이 낫습니다.,성과 대기,0.0,0.0676,100.0,5.0,시간차 반응,0.0,0.6,0.3743131868131868,-0.1489406851599694,0.23626373626373626,0.4450549450549451,numpy_mlp,413,,,,,,,,,0,,,,,,,,,,,,,,0.23076923076923078,0.23626373626373626,0.5333333333333333,3,0.33717284060026
078130,,종이와목재,,,,,,,,,,,,,,,,,,,,,,,,,,,,,,,0.0,0.0,0.0,0.0,1.0,0.0,0.0,CORRECTION,neutral,11.76,immediate_close,낮음,1.0,5.56,표본 얕음,가격이 충분히 붙지 않아 아직 과신보다 관찰이 먼저입니다.,존재 확인,방향성이 약한 공시라 단독 매수 재료보다 존재 여부만 확인하는 편이 낫습니다.,종이와목재,0.0,0.0,해석 보류,존재 확인,아직 5일 성과가 붙은 표본이 없어 방향 판단을 내리기 어렵습니다.,방향성이 약한 공시가 많아 매수 재료보다 존재 여부만 확인하는 편이 낫습니다.,성과 대기,0.0,-0.078,0.0,18.0,반응 약함,0.0,0.6,0.3743131868131868,-0.1489406851599694,0.23626373626373626,0.23626373626373626,numpy_mlp,413,,,,,,,,,0,,,,,,,,,,,,,,0.23076923076923078,0.23626373626373626,0.5333333333333333,3,0.33717284060026
080420,,전문소매,,,,,,,,,,,,,,,,,,,,,,,,,,,,,,,0.0,0.0,0.0,0.0,1.0,0.0,0.0,CORRECTION,neutral,8.54,immediate_close,낮음,1.0,5.56,표본 얕음,가격이 충분히 붙지 않아 아직 과신보다 관찰이 먼저입니다.,존재 확인,방향성이 약한 공시라 단독 매수 재료보다 존재 여부만 확인하는 편이 낫습니다.,전문소매,0.0,0.0,,,,,,0.0,-0.078,0.0,18.0,반응 약함,0.0,0.6,0.3743131868131868,-0.1489406851599694,0.23626373626373626,0.23626373626373626,numpy_mlp,413,,,,,,,,,0,,,,,,,,,,,,,,0.23076923076923078,0.23626373626373626,0.5333333333333333,3,0.33717284060026
081580,,핸드셋,,,,,,,,,,,,,,,,,,,,,,,,,,,,,,,0.0,0.0,0.0,0.0,1.0,0.0,0.0,CORRECTION,neutral,10.75,immediate_close,낮음,1.0,5.56,표본 얕음,가격이 충분히 붙지 않아 아직 과신보다 관찰이 먼저입니다.,존재 확인,방향성이 약한 공시라 단독 매수 재료보다 존재 여부만 확인하는 편이 낫습니다.,핸드셋,0.0,0.0,해석 보류,존재 확인,아직 5일 성과가 붙은 표본이 없어 방향 판단을 내리기 어렵습니다.,방향성이 약한 공시가 많아 매수 재료보다 존재 여부만 확인하는 편이 낫습니다.,성과 대기,0.0,-0.078,0.0,18.0,반응 약함,0.0,0.6,0.3743131868131868,-0.1489406851599694,0.23626373626373626,0.23626373626373626,numpy_mlp,413,,,,,,,,,0,,,,,,,,,,,,,,0.23076923076923078,0.23626373626373626,0.5333333333333333,3,0.33717284060026
083790,,생명과학도구및서비스,,,,,,,,,,,,,,,,,,,,,,,,,,,,,,,0.0,0.0,0.0,0.0,2.0,0.0,0.0,CORRECTION,neutral,3.72,immediate_close,낮음,1.0,5.56,표본 얕음,가격이 충분히 붙지 않아 아직 과신보다 관찰이 먼저입니다.,존재 확인,방향성이 약한 공시라 단독 매수 재료보다 존재 여부만 확인하는 편이 낫습니다.,생명과학도구및서비스,0.0,0.0,해석 보류,존재 확인,아직 5일 성과가 붙은 표본이 없어 방향 판단을 내리기 어렵습니다.,방향성이 약한 공시가 많아 매수 재료보다 존재 여부만 확인하는 편이 낫습니다.,성과 대기,0.0,-0.078,0.0,18.0,반응 약함,0.0,0.6,0.3743131868131868,-0.1489406851599694,0.23626373626373626,0.23626373626373623,numpy_mlp,413,,,,,,,,,0,,,,,,,,,,,,,,0.23076923076923078,0.23626373626373626,0.5333333333333333,3,0.33717284060026
085620,,생명보험,,,,,,,,,,,,,,,,,,,,,,,,,,,,,,,0.0,0.0,0.0,0.0,1.0,0.0,0.0,LARGE_HOLDER,neutral,11.54,immediate_close,낮음,1.0,20.0,표본 얕음,가격이 충분히 붙지 않아 아직 과신보다 관찰이 먼저입니다.,존재 확인,방향성이 약한 공시라 단독 매수 재료보다 존재 여부만 확인하는 편이 낫습니다.,생명보험,1.0,100.0,표본 얕음,존재 확인,초기 경향은 보이지만 아직 표본이 얕아 단독 근거로 쓰기에는 이릅니다.,방향성이 약한 공시가 많아 매수 재료보다 존재 여부만 확인하는 편이 낫습니다.,시간차 반응,0.2771,0.0676,100.0,5.0,시간차 반응,0.0,0.6,0.3743131868131868,-0.1489406851599694,0.23626373626373626,0.23626373626373626,numpy_mlp,413,,,,,,,,,0,,,,,,,,,,,,,,0.23076923076923078,0.23626373626373626,0.5333333333333333,3,0.33717284060026
085810,,건설,,,,,,,,,,,,,,,,,,,,,,,,,,,,,,,0.0,0.0,0.0,0.0,1.0,0.0,0.0,CORRECTION,neutral,3.79,immediate_close,낮음,1.0,5.56,표본 얕음,가격이 충분히 붙지 않아 아직 과신보다 관찰이 먼저입니다.,존재 확인,방향성이 약한 공시라 단독 매수 재료보다 존재 여부만 확인하는 편이 낫습니다.,건설/건자재,0.0,0.0,,,,,,0.0,-0.078,0.0,18.0,반응 약함,0.0,0.6,0.3743131868131868,-0.1489406851599694,0.23626373626373626,0.2884615384615385,numpy_mlp,413,,,,,,,,,0,,,,,,,,,,,,,,0.23076923076923078,0.23626373626373626,0.5333333333333333,3,0.33717284060026
091120,,핸드셋,,,,,,,,,,,,,,,,,,,,,,,,,,,,,,,0.0,0.0,0.0,0.0,1.0,0.0,0.0,CORRECTION,neutral,11.79,immediate_close,낮음,1.0,5.56,표본 얕음,가격이 충분히 붙지 않아 아직 과신보다 관찰이 먼저입니다.,존재 확인,방향성이 약한 공시라 단독 매수 재료보다 존재 여부만 확인하는 편이 낫습니다.,핸드셋,0.0,0.0,해석 보류,존재 확인,아직 5일 성과가 붙은 표본이 없어 방향 판단을 내리기 어렵습니다.,방향성이 약한 공시가 많아 매수 재료보다 존재 여부만 확인하는 편이 낫습니다.,성과 대기,0.0,-0.078,0.0,18.0,반응 약함,0.0,0.6,0.3743131868131868,-0.1489406851599694,0.23626373626373626,0.23626373626373626,numpy_mlp,413,,,,,,,,,0,,,,,,,,,,,,,,0.23076923076923078,0.23626373626373626,0.5333333333333333,3,0.33717284060026
092230,,화학,,,,,,,,,,,,,,,,,,,,,,,,,,,,,,,0.0,0.0,0.0,0.0,1.0,0.0,0.0,CORRECTION,neutral,11.54,immediate_close,낮음,1.0,5.56,표본 얕음,가격이 충분히 붙지 않아 아직 과신보다 관찰이 먼저입니다.,존재 확인,방향성이 약한 공시라 단독 매수 재료보다 존재 여부만 확인하는 편이 낫습니다.,화학,0.0,0.0,해석 보류,존재 확인,아직 5일 성과가 붙은 표본이 없어 방향 판단을 내리기 어렵습니다.,방향성이 약한 공시가 많아 매수 재료보다 존재 여부만 확인하는 편이 낫습니다.,성과 대기,0.0,-0.078,0.0,18.0,반응 약함,0.0,0.6,0.3743131868131868,-0.1489406851599694,0.23626373626373626,0.456828885400314,numpy_mlp,413,,,,,,,,,0,,,,,,,,,,,,,,0.23076923076923078,0.23626373626373626,0.5333333333333333,3,0.33717284060026
094940,,컴퓨터와주변기기,,,,,,,,,,,,,,,,,,,,,,,,,,,,,,,0.0,0.0,0.0,0.0,1.0,0.0,0.0,CORRECTION,neutral,3.76,immediate_close,낮음,1.0,5.56,표본 얕음,가격이 충분히 붙지 않아 아직 과신보다 관찰이 먼저입니다.,존재 확인,방향성이 약한 공시라 단독 매수 재료보다 존재 여부만 확인하는 편이 낫습니다.,컴퓨터와주변기기,0.0,0.0,,,,,,0.0,-0.078,0.0,18.0,반응 약함,0.0,0.6,0.3743131868131868,-0.1489406851599694,0.23626373626373626,0.3241758241758242,numpy_mlp,413,,,,,,,,,0,,,,,,,,,,,,,,0.23076923076923078,0.23626373626373626,0.5333333333333333,3,0.33717284060026
100840,,에너지장비및서비스,,,,,,,,,,,,,,,,,,,,,,,,,,,,,,,0.0,0.0,0.0,0.0,3.0,0.0,0.0,LARGE_HOLDER,neutral,11.54,immediate_close,낮음,1.0,20.0,표본 얕음,가격이 충분히 붙지 않아 아직 과신보다 관찰이 먼저입니다.,존재 확인,방향성이 약한 공시라 단독 매수 재료보다 존재 여부만 확인하는 편이 낫습니다.,에너지장비및서비스,0.0,0.0,해석 보류,존재 확인,아직 5일 성과가 붙은 표본이 없어 방향 판단을 내리기 어렵습니다.,방향성이 약한 공시가 많아 매수 재료보다 존재 여부만 확인하는 편이 낫습니다.,성과 대기,0.0,0.0676,100.0,5.0,시간차 반응,0.0,0.6,0.3743131868131868,-0.1489406851599694,0.23626373626373626,0.23626373626373626,numpy_mlp,413,,,,,,,,,0,,,,,,,,,,,,,,0.23076923076923078,0.23626373626373626,0.5333333333333333,3,0.33717284060026
122310,,건강관리장비와용품,,,,,,,,,,,,,,,,,,,,,,,,,,,,,,,0.0,0.0,0.0,0.0,1.0,0.0,0.0,CORRECTION,neutral,3.77,immediate_close,낮음,1.0,5.56,표본 얕음,가격이 충분히 붙지 않아 아직 과신보다 관찰이 먼저입니다.,존재 확인,방향성이 약한 공시라 단독 매수 재료보다 존재 여부만 확인하는 편이 낫습니다.,건강관리장비와용품,0.0,0.0,,,,,,0.0,-0.078,0.0,18.0,반응 약함,0.0,0.6,0.3743131868131868,-0.1489406851599694,0.23626373626373626,0.46703296703296704,numpy_mlp,413,,,,,,,,,0,,,,,,,,,,,,,,0.23076923076923078,0.23626373626373626,0.5333333333333333,3,0.33717284060026
128540,,자동차부품,,,,,,,,,,,,,,,,,,,,,,,,,,,,,,,0.0,0.0,0.0,0.0,8.0,0.0,0.0,CORRECTION,neutral,10.8,immediate_close,낮음,1.0,5.56,표본 얕음,가격이 충분히 붙지 않아 아직 과신보다 관찰이 먼저입니다.,존재 확인,방향성이 약한 공시라 단독 매수 재료보다 존재 여부만 확인하는 편이 낫습니다.,자동차부품/타이어,0.0,0.0,,,,,,0.0,-0.078,0.0,18.0,반응 약함,0.0,0.6,0.3743131868131868,-0.1489406851599694,0.23626373626373626,0.3940345368916797,numpy_mlp,413,,,,,,,,,0,,,,,,,,,,,,,,0.23076923076923078,0.23626373626373626,0.5333333333333333,3,0.33717284060026
130740,,자동차부품,,,,,,,,,,,,,,,,,,,,,,,,,,,,,,,0.0,0.0,0.0,0.0,1.0,0.0,0.0,CORRECTION,neutral,10.78,immediate_close,낮음,1.0,5.56,표본 얕음,가격이 충분히 붙지 않아 아직 과신보다 관찰이 먼저입니다.,존재 확인,방향성이 약한 공시라 단독 매수 재료보다 존재 여부만 확인하는 편이 낫습니다.,자동차부품/타이어,0.0,0.0,,,,,,0.0,-0.078,0.0,18.0,반응 약함,0.0,0.6,0.3743131868131868,-0.1489406851599694,0.23626373626373626,0.3940345368916797,numpy_mlp,413,,,,,,,,,0,,,,,,,,,,,,,,0.23076923076923078,0.23626373626373626,0.5333333333333333,3,0.33717284060026
159910,,화장품,,,,,,,,,,,,,,,,,,,,,,,,,,,,,,,0.0,0.0,0.0,0.0,1.0,0.0,0.0,CORRECTION,neutral,3.78,immediate_close,낮음,1.0,5.56,표본 얕음,가격이 충분히 붙지 않아 아직 과신보다 관찰이 먼저입니다.,존재 확인,방향성이 약한 공시라 단독 매수 재료보다 존재 여부만 확인하는 편이 낫습니다.,화장품,0.0,0.0,해석 보류,존재 확인,아직 5일 성과가 붙은 표본이 없어 방향 판단을 내리기 어렵습니다.,방향성이 약한 공시가 많아 매수 재료보다 존재 여부만 확인하는 편이 낫습니다.,성과 대기,0.0,-0.078,0.0,18.0,반응 약함,0.0,0.6,0.3743131868131868,-0.1489406851599694,0.23626373626373626,0.2846153846153846,numpy_mlp,413,,,,,,,,,0,,,,,,,,,,,,,,0.23076923076923078,0.23626373626373626,0.5333333333333333,3,0.33717284060026
214260,,화장품,,,,,,,,,,,,,,,,,,,,,,,,,,,,,,,0.0,0.0,0.0,0.0,2.0,0.0,0.0,CORRECTION,neutral,8.54,immediate_close,낮음,1.0,5.56,표본 얕음,가격이 충분히 붙지 않아 아직 과신보다 관찰이 먼저입니다.,존재 확인,방향성이 약한 공시라 단독 매수 재료보다 존재 여부만 확인하는 편이 낫습니다.,화장품,0.0,0.0,해석 보류,존재 확인,아직 5일 성과가 붙은 표본이 없어 방향 판단을 내리기 어렵습니다.,방향성이 약한 공시가 많아 매수 재료보다 존재 여부만 확인하는 편이 낫습니다.,성과 대기,0.0,-0.078,0.0,18.0,반응 약함,0.0,0.6,0.3743131868131868,-0.1489406851599694,0.23626373626373626,0.2846153846153846,numpy_mlp,413,,,,,,,,,0,,,,,,,,,,,,,,0.23076923076923078,0.23626373626373626,0.5333333333333333,3,0.33717284060026
221980,,화학,,,,,,,,,,,,,,,,,,,,,,,,,,,,,,,0.0,0.0,0.0,0.0,1.0,0.0,0.0,CORRECTION,neutral,0.89,immediate_close,낮음,1.0,5.56,표본 얕음,가격이 충분히 붙지 않아 아직 과신보다 관찰이 먼저입니다.,존재 확인,방향성이 약한 공시라 단독 매수 재료보다 존재 여부만 확인하는 편이 낫습니다.,화학,0.0,0.0,해석 보류,존재 확인,아직 5일 성과가 붙은 표본이 없어 방향 판단을 내리기 어렵습니다.,방향성이 약한 공시가 많아 매수 재료보다 존재 여부만 확인하는 편이 낫습니다.,성과 대기,0.0,-0.078,0.0,18.0,반응 약함,0.0,0.6,0.3743131868131868,-0.1489406851599694,0.23626373626373626,0.456828885400314,numpy_mlp,413,,,,,,,,,0,,,,,,,,,,,,,,0.23076923076923078,0.23626373626373626,0.5333333333333333,3,0.33717284060026
222160,,반도체와반도체장비,,,,,,,,,,,,,,,,,,,,,,,,,,,,,,,0.0,0.0,0.0,0.0,1.0,0.0,0.0,CORRECTION,neutral,11.79,immediate_close,낮음,1.0,5.56,표본 얕음,가격이 충분히 붙지 않아 아직 과신보다 관찰이 먼저입니다.,존재 확인,방향성이 약한 공시라 단독 매수 재료보다 존재 여부만 확인하는 편이 낫습니다.,IT하드웨어 (반도체),0.0,0.0,해석 보류,존재 확인,아직 5일 성과가 붙은 표본이 없어 방향 판단을 내리기 어렵습니다.,방향성이 약한 공시가 많아 매수 재료보다 존재 여부만 확인하는 편이 낫습니다.,성과 대기,0.0,-0.078,0.0,18.0,반응 약함,0.0,0.6,0.3743131868131868,-0.1489406851599694,0.23626373626373626,0.6923076923076923,numpy_mlp,413,,,,,,,,,0,,,,,,,,,,,,,,0.23076923076923078,0.23626373626373626,0.5333333333333333,3,0.33717284060026
224880,,Unknown,,,,,,,,,,,,,,,,,,,,,,,,,,,,,,,0.0,0.0,0.0,0.0,1.0,0.0,0.0,CORRECTION,neutral,11.07,immediate_close,낮음,1.0,5.56,표본 얕음,가격이 충분히 붙지 않아 아직 과신보다 관찰이 먼저입니다.,존재 확인,방향성이 약한 공시라 단독 매수 재료보다 존재 여부만 확인하는 편이 낫습니다.,Unknown,0.0,0.0,,,,,,0.0,-0.078,0.0,18.0,반응 약함,0.0,0.6,0.3743131868131868,-0.1489406851599694,0.23626373626373626,0.23626373626373626,numpy_mlp,413,,,,,,,,,0,,,,,,,,,,,,,,0.23076923076923078,0.23626373626373626,0.5333333333333333,3,0.33717284060026
227610,,화장품,,,,,,,,,,,,,,,,,,,,,,,,,,,,,,,0.0,0.0,0.0,0.0,4.0,0.0,0.0,CORRECTION,neutral,8.23,immediate_close,낮음,1.0,5.56,표본 얕음,가격이 충분히 붙지 않아 아직 과신보다 관찰이 먼저입니다.,존재 확인,방향성이 약한 공시라 단독 매수 재료보다 존재 여부만 확인하는 편이 낫습니다.,화장품,0.0,0.0,해석 보류,존재 확인,아직 5일 성과가 붙은 표본이 없어 방향 판단을 내리기 어렵습니다.,방향성이 약한 공시가 많아 매수 재료보다 존재 여부만 확인하는 편이 낫습니다.,성과 대기,0.0,-0.078,0.0,18.0,반응 약함,0.0,0.6,0.3743131868131868,-0.1489406851599694,0.23626373626373626,0.2846153846153846,numpy_mlp,413,,,,,,,,,0,,,,,,,,,,,,,,0.23076923076923078,0.23626373626373626,0.5333333333333333,3,0.33717284060026
237750,,전기장비,,,,,,,,,,,,,,,,,,,,,,,,,,,,,,,0.0,0.0,0.0,0.0,1.0,0.0,0.0,CORRECTION,neutral,11.54,immediate_close,낮음,1.0,5.56,표본 얕음,가격이 충분히 붙지 않아 아직 과신보다 관찰이 먼저입니다.,존재 확인,방향성이 약한 공시라 단독 매수 재료보다 존재 여부만 확인하는 편이 낫습니다.,전기장비,0.0,0.0,해석 보류,존재 확인,아직 5일 성과가 붙은 표본이 없어 방향 판단을 내리기 어렵습니다.,방향성이 약한 공시가 많아 매수 재료보다 존재 여부만 확인하는 편이 낫습니다.,성과 대기,0.0,-0.078,0.0,18.0,반응 약함,0.0,0.6,0.3743131868131868,-0.1489406851599694,0.23626373626373626,0.4203296703296703,numpy_mlp,413,,,,,,,,,0,,,,,,,,,,,,,,0.23076923076923078,0.23626373626373626,0.5333333333333333,3,0.33717284060026
241820,,생명과학도구및서비스,,,,,,,,,,,,,,,,,,,,,,,,,,,,,,,0.0,0.0,0.0,0.0,1.0,0.0,0.0,CORRECTION,neutral,8.54,immediate_close,낮음,1.0,5.56,표본 얕음,가격이 충분히 붙지 않아 아직 과신보다 관찰이 먼저입니다.,존재 확인,방향성이 약한 공시라 단독 매수 재료보다 존재 여부만 확인하는 편이 낫습니다.,생명과학도구및서비스,0.0,0.0,해석 보류,존재 확인,아직 5일 성과가 붙은 표본이 없어 방향 판단을 내리기 어렵습니다.,방향성이 약한 공시가 많아 매수 재료보다 존재 여부만 확인하는 편이 낫습니다.,성과 대기,0.0,-0.078,0.0,18.0,반응 약함,0.0,0.6,0.3743131868131868,-0.1489406851599694,0.23626373626373626,0.23626373626373623,numpy_mlp,413,,,,,,,,,0,,,,,,,,,,,,,,0.23076923076923078,0.23626373626373626,0.5333333333333333,3,0.33717284060026
271940,,자동차부품,,,,,,,,,,,,,,,,,,,,,,,,,,,,,,,0.0,0.0,0.0,0.0,1.0,0.0,0.0,SUPPLY_UPDATE,neutral,0.9,immediate_close,낮음,0.0,0.0,해석 보류,아직 5일 성과가 붙은 표본이 없어 방향 판단을 내리기 어렵습니다.,존재 확인,방향성이 약한 공시라 단독 매수 재료보다 존재 여부만 확인하는 편이 낫습니다.,자동차부품/타이어,0.0,0.0,,,,,,0.0,-0.0,,1.0,성과 대기,0.0,0.6,0.3743131868131868,-0.1489406851599694,0.23626373626373626,0.3940345368916797,numpy_mlp,413,,,,,,,,,0,,,,,,,,,,,,,,0.23076923076923078,0.23626373626373626,0.5333333333333333,3,0.33717284060026
299900,,방송과엔터테인먼트,,,,,,,,,,,,,,,,,,,,,,,,,,,,,,,0.0,0.0,0.0,0.0,1.0,0.0,0.0,CORRECTION,neutral,0.76,immediate_close,낮음,1.0,5.56,표본 얕음,가격이 충분히 붙지 않아 아직 과신보다 관찰이 먼저입니다.,존재 확인,방향성이 약한 공시라 단독 매수 재료보다 존재 여부만 확인하는 편이 낫습니다.,엔터테인먼트/미디어,0.0,0.0,해석 보류,존재 확인,아직 5일 성과가 붙은 표본이 없어 방향 판단을 내리기 어렵습니다.,방향성이 약한 공시가 많아 매수 재료보다 존재 여부만 확인하는 편이 낫습니다.,성과 대기,0.0,-0.078,0.0,18.0,반응 약함,0.0,0.6,0.3743131868131868,-0.1489406851599694,0.23626373626373626,0.23626373626373626,numpy_mlp,413,,,,,,,,,0,,,,,,,,,,,,,,0.23076923076923078,0.23626373626373626,0.5333333333333333,3,0.33717284060026
310210,,제약,,,,,,,,,,,,,,,,,,,,,,,,,,,,,,,0.0,0.0,0.0,0.0,1.0,0.0,0.0,CORRECTION,neutral,3.79,immediate_close,낮음,1.0,5.56,표본 얕음,가격이 충분히 붙지 않아 아직 과신보다 관찰이 먼저입니다.,존재 확인,방향성이 약한 공시라 단독 매수 재료보다 존재 여부만 확인하는 편이 낫습니다.,제약/바이오 (대형),0.0,0.0,해석 보류,존재 확인,아직 5일 성과가 붙은 표본이 없어 방향 판단을 내리기 어렵습니다.,방향성이 약한 공시가 많아 매수 재료보다 존재 여부만 확인하는 편이 낫습니다.,성과 대기,0.0,-0.078,0.0,18.0,반응 약함,0.0,0.6,0.3743131868131868,-0.1489406851599694,0.23626373626373626,0.5164835164835164,numpy_mlp,413,,,,,,,,,0,,,,,,,,,,,,,,0.23076923076923078,0.23626373626373626,0.5333333333333333,3,0.33717284060026
318160,,화장품,,,,,,,,,,,,,,,,,,,,,,,,,,,,,,,0.0,0.0,0.0,0.0,1.0,0.0,0.0,CORRECTION,neutral,8.0,immediate_close,낮음,1.0,5.56,표본 얕음,가격이 충분히 붙지 않아 아직 과신보다 관찰이 먼저입니다.,존재 확인,방향성이 약한 공시라 단독 매수 재료보다 존재 여부만 확인하는 편이 낫습니다.,화장품,0.0,0.0,해석 보류,존재 확인,아직 5일 성과가 붙은 표본이 없어 방향 판단을 내리기 어렵습니다.,방향성이 약한 공시가 많아 매수 재료보다 존재 여부만 확인하는 편이 낫습니다.,성과 대기,0.0,-0.078,0.0,18.0,반응 약함,0.0,0.6,0.3743131868131868,-0.1489406851599694,0.23626373626373626,0.2846153846153846,numpy_mlp,413,,,,,,,,,0,,,,,,,,,,,,,,0.23076923076923078,0.23626373626373626,0.5333333333333333,3,0.33717284060026
348370,,2차전지/배터리,,,,,,,,,,,,,,,,,,,,,,,,,,,,,,,0.0,0.0,0.0,0.0,1.0,0.0,0.0,CORRECTION,neutral,11.54,immediate_close,낮음,1.0,5.56,표본 얕음,가격이 충분히 붙지 않아 아직 과신보다 관찰이 먼저입니다.,존재 확인,방향성이 약한 공시라 단독 매수 재료보다 존재 여부만 확인하는 편이 낫습니다.,2차전지/배터리,1.0,100.0,표본 얕음,존재 확인,초기 경향은 보이지만 아직 표본이 얕아 단독 근거로 쓰기에는 이릅니다.,방향성이 약한 공시가 많아 매수 재료보다 존재 여부만 확인하는 편이 낫습니다.,반응 약함,-1.8443,-0.078,0.0,18.0,반응 약함,0.0,0.6,0.3743131868131868,-0.1489406851599694,0.23626373626373626,0.635989010989011,numpy_mlp,413,,,,,,,,,0,,,,,,,,,,,,,,0.23076923076923078,0.23626373626373626,0.5333333333333333,3,0.33717284060026
464280,,제약,,,,,,,,,,,,,,,,,,,,,,,,,,,,,,,0.0,0.0,0.0,0.0,2.0,0.0,0.0,CORRECTION,neutral,0.9,immediate_close,낮음,1.0,5.56,표본 얕음,가격이 충분히 붙지 않아 아직 과신보다 관찰이 먼저입니다.,존재 확인,방향성이 약한 공시라 단독 매수 재료보다 존재 여부만 확인하는 편이 낫습니다.,제약/바이오 (대형),0.0,0.0,해석 보류,존재 확인,아직 5일 성과가 붙은 표본이 없어 방향 판단을 내리기 어렵습니다.,방향성이 약한 공시가 많아 매수 재료보다 존재 여부만 확인하는 편이 낫습니다.,성과 대기,0.0,-0.078,0.0,18.0,반응 약함,0.0,0.6,0.3743131868131868,-0.1489406851599694,0.23626373626373626,0.5164835164835164,numpy_mlp,413,,,,,,,,,0,,,,,,,,,,,,,,0.23076923076923078,0.23626373626373626,0.5333333333333333,3,0.33717284060026
028260,삼성물산,건설/건자재,0.4218399999999999,0.5,0.2719999999999999,0.5333333333333333,0.5,0.5,,,,,,,,,,,,,,,,,,,,,,,,,,,,,0.0,0.0,0.0,,,,,,0.0,0.0,,,,,,0.0,0.0,,,,,,0.0,0.0,,0.0,,0.0,0.6,0.52760989010989,-0.048189804959404815,0.6648351648351648,0.532967032967033,numpy_mlp,413,,,,,,,,,0,,,,,,,0.08,,,,,,,0.5686813186813187,0.6648351648351648,,3,0.33520066889632105
353200,대덕전자,전자장비와기기,,,,,,,7.6343,0.676,3.0,2.0,0.0,0.7638,0.0,0.0,0.0,0.0,0.073,0.7476,0.3333,70.394,2.2097,0.9779,0.5647,"서버 FCBGA 공급 가시화, 멀티플 리레이팅 근..",0.5698,1.0,1.0,-0.0505,0.0,1.0,,,,,0.0,0.0,0.0,,,,,,0.0,0.0,,,,,,0.0,0.0,,,,,,0.0,0.0,,0.0,,0.0,0.6,0.4657967032967033,-0.21012666638228308,0.02197802197802198,0.2087912087912088,numpy_mlp,413,,,,,,,,,0,,,,,,,,0.47619047619047616,,,,,,0.4340659340659341,0.02197802197802198,,3,0.3339549873203719
329180,HD현대중공업,조선/해양,0.40656,0.5,0.168,0.5866666666666667,0.5,0.5,,,,,,,,,,,,,,,,,,,,,,,,,,,,,0.0,0.0,0.0,,,,,,0.0,0.0,,,,,,0.0,0.0,,,,,,0.0,0.0,,0.0,,0.0,0.6,0.52760989010989,-0.027134044202630714,0.7252747252747253,0.6492673992673993,numpy_mlp,413,,,,,,,,,0,,,,,,,0.04,,,,,,,0.5686813186813187,0.7252747252747253,,3,0.3301242236024844
068930,디지털대성,교육서비스,,,,,,,5.0405,0.5486,1.0,1.0,0.0,0.8,0.5599,0.0,-0.3935,0.0,0.0,1.0,1.0,0.0,0.0,1.0,0.3993,올해도 N수생 多,1.0,1.0,1.0,0.0,0.0,0.0,,,,,0.0,0.0,0.0,,,,,,0.0,0.0,,,,,,0.0,0.0,,,,,,0.0,0.0,,0.0,,0.0,0.6,0.4608516483516483,-0.12210967174334572,0.4175824175824176,0.6373626373626373,numpy_mlp,413,,,,,,,,,0,,,,,,,,0.20238095238095238,,,,,,0.4230769230769231,0.4175824175824176,,3,0.32784763313609466
307950,현대오토에버,IT소프트웨어 (플랫폼/SI),,,,,,,3.0453,0.1763,2.0,1.0,0.0,0.7756,0.0,0.0,0.0,0.0,0.0239,0.7903,0.5,-10.1796,0.0,1.0,0.5647,현대오토에버(307950) GTC 2026 ‘HMG-엔비디아’ 로봇/자율주행 협력의 숨은 수혜자,0.0,0.0,0.5,0.0,0.0,0.0,,,,,0.0,0.0,0.0,,,,,,0.0,0.0,,,,,,0.0,0.0,,,,,,0.0,0.0,,0.0,,0.0,0.6,0.4559065934065934,-0.12212712194479955,0.41208791208791207,0.6336996336996337,numpy_mlp,413,,,,,,,,,0,,,,,,,,0.15476190476190477,,,,,,0.41208791208791207,0.41208791208791207,,3,0.305573753169907
010130,고려아연,철강/비철금속,0.40384,0.5,0.2720000000000001,0.5,0.5,0.5,,,,,,,,,,,,,,,,,,,,,,,,,,,,,0.0,0.0,0.0,,,,,,0.0,0.0,,,,,,0.0,0.0,,,,,,0.0,0.0,,0.0,,0.0,0.6,0.52760989010989,-0.05254316024886784,0.6538461538461539,0.4574175824175824,numpy_mlp,413,,,,,,,,,0,,,,,,,0.02,,,,,,,0.5686813186813187,0.6538461538461539,,3,0.30504658385093164
071840,롯데하이마트,유통/백화점,,,,,,,1.1575,-0.899,1.0,1.0,0.0,0.8,0.0,0.0,0.0,0.0,0.0,0.6567,0.0,0.0,0.0,1.0,0.4867,어려운 환경 속 실적 턴어라운드 달성,-1.0,-1.0,0.0,0.3664,0.0,1.0,,,,,0.0,0.0,0.0,,,,,,0.0,0.0,,,,,,0.0,0.0,,,,,,0.0,0.0,,0.0,,0.0,0.6,0.2902472527472527,-0.01893364205459084,0.7527472527472527,0.8443223443223443,numpy_mlp,413,,,,,,,,,0,,,,,,,,0.08333333333333333,,,,,,0.04395604395604396,0.7527472527472527,,3,0.29443681318681314
014830,유니드,화학,,,,,,,2.7485,-2.2556,1.0,1.0,0.0,0.8,0.0,0.0,0.0,0.0,-0.0154,1.0,1.0,27.8928,0.0,1.0,0.4632,유니드(014830) 중국 경질 탄산칼륨 재편의 수혜주,0.0,0.0,1.0,0.3469,0.0,1.0,,,,,0.0,0.0,0.0,,,,,,0.0,0.0,,,,,,0.0,0.0,,,,,,0.0,0.0,,0.0,,0.0,0.6,0.2754120879120879,-0.043773545334037274,0.6813186813186813,0.456828885400314,numpy_mlp,413,,,,,,,,,0,,,,,,,,0.14285714285714285,,,,,,0.01098901098901099,0.6813186813186813,,3,0.29264053254437866
339950,아이비김영,교육서비스,,,,,,,1.3422,-0.7269,1.0,1.0,0.0,0.8,0.0,0.0,0.0,0.0,0.0739,1.0,1.0,0.0,0.0,1.0,0.5647,아이비김영(339950) 안정적인 성장 흐름 & 저평가,-1.0,-1.0,0.0,0.2453,-0.3935,2.0,,,,,0.0,0.0,0.0,,,,,,0.0,0.0,,,,,,0.0,0.0,,,,,,0.0,0.0,,0.0,,0.0,0.6,0.2951923076923077,-0.047946418247445395,0.6703296703296703,0.6373626373626373,numpy_mlp,413,,,,,,,,,0,,,,,,,,0.09523809523809523,,,,,,0.054945054945054944,0.6703296703296703,,3,0.27970731191885034
006360,GS건설,건설/건자재,,,,,,,3.9276,-1.2598,1.0,1.0,0.0,0.8,0.0,0.0,0.0,0.0,-0.0307,0.6013,0.0,51.7857,0.0,1.0,0.5374,"원전 소외주, 반등 포인트 점검",0.0,0.0,1.0,0.0,0.0,0.0,,,,,0.0,0.0,0.0,,,,,,0.0,0.0,,,,,,0.0,0.0,,,,,,0.0,0.0,,0.0,,0.0,0.6,0.2828296703296703,-0.11169491237969395,0.489010989010989,0.532967032967033,numpy_mlp,413,,,,,,,,,0,,,,,,,,0.16666666666666666,,,,,,0.027472527472527472,0.489010989010989,,3,0.2549186390532544
007340,DN오토모티브,자동차부품,,,,,,,0.4697,-1.4178,1.0,1.0,0.0,0.8,0.0,0.0,0.0,0.0,0.2509,0.6572,0.0,0.0,0.0,1.0,0.4867,밸류업의 조건들이 갖춰지고 있다,-1.0,-1.0,0.0,0.2257,0.0,1.0,,,,,0.0,0.0,0.0,,,,,,0.0,0.0,,,,,,0.0,0.0,,,,,,0.0,0.0,,0.0,,0.0,0.6,0.28035714285714286,-0.05406876865336834,0.6483516483516484,0.3940345368916797,numpy_mlp,413,,,,,,,,,0,,,,,,,,0.047619047619047616,,,,,,0.02197802197802198,0.6483516483516484,,3,0.24881128486897713
306200,세아제강,철강/비철금속,,,,,,,5.4272,0.3906,2.0,1.0,0.0,0.7697,0.0,0.0,0.0,0.0,0.0085,0.7934,0.5,28.012,0.0,1.0,0.5115,"세아제강(306200) 하방은 프로젝트, 상방은 유가",0.2,0.0,1.0,0.0,0.0,0.0,,,,,0.0,0.0,0.0,,,,,,0.0,0.0,,,,,,0.0,0.0,,,,,,0.0,0.0,,0.0,,0.0,0.6,0.45837912087912086,-0.15356446586610048,0.06043956043956044,0.4574175824175824,numpy_mlp,413,,,,,,,,,0,,,,,,,,0.23809523809523808,,,,,,0.4175824175824176,0.06043956043956044,,3,0.24737426035502957
360350,코셈,전자장비와기기,,,,,,,1.5829,-0.034,1.0,1.0,0.0,0.8,0.0,0.0,0.0,0.0,-0.0067,0.5708,0.0,0.0,0.0,1.0,0.4867,제2의 파크시스템스를 찾는다면,-1.0,-1.0,0.0,0.0002,0.0,1.0,,,,,0.0,0.0,0.0,,,,,,0.0,0.0,,,,,,0.0,0.0,,,,,,0.0,0.0,,0.0,,0.0,0.6,0.3001373626373626,-0.1008664827248488,0.510989010989011,0.2087912087912088,numpy_mlp,413,,,,,,,,,0,,,,,,,,0.10714285714285714,,,,,,0.06593406593406594,0.510989010989011,,3,0.2448594674556213
078340,컴투스,게임엔터테인먼트,,,,,,,-0.2982,-0.0285,1.0,1.0,0.0,0.8,-3.869,0.0,-2.9397,0.0,0.0,0.5272,0.0,-10.8635,0.0,1.0,0.3993,콥데이 후기: 다가오는 기대 신작들,-1.0,-1.0,0.0,0.0,0.0,0.0,,,,,0.0,0.0,0.0,,,,,,0.0,0.0,,,,,,0.0,0.0,,,,,,0.0,0.0,,0.0,,0.0,0.6,0.3026098901098901,-0.06787512664093096,0.5989010989010989,0.41758241758241754,numpy_mlp,413,,,,,,,,,0,,,,,,,,0.023809523809523808,,,,,,0.07142857142857142,0.5989010989010989,,3,0.2362373203719357
003650,,화학,,,,,,,,,,,,,,,,,,,,,,,,,,,,,,,-0.0572,0.0,0.0,0.0,1.0,1.0,0.0,SALES_VARIATION,positive,11.54,immediate_close,낮음,0.0,0.0,해석 보류,아직 5일 성과가 붙은 표본이 없어 방향 판단을 내리기 어렵습니다.,성과 대기,아직 5일 성과가 붙지 않아 기록 축적이 먼저입니다.,화학,0.0,0.0,해석 보류,성과 대기,아직 5일 성과가 붙은 표본이 없어 방향 판단을 내리기 어렵습니다.,아직 5일 성과가 붙지 않아 방향 판단보다 기록 축적이 먼저입니다.,성과 대기,0.0,-0.0,,2.0,성과 대기,0.0,0.6,0.3743131868131868,-0.1489406851599694,0.23626373626373626,0.456828885400314,numpy_mlp,413,,,,,,,,,0,,,,,,,,,,,,,,0.23076923076923078,0.23626373626373626,0.14166666666666666,3,0.22978036748198036
064090,,판매업체,,,,,,,,,,,,,,,,,,,,,,,,,,,,,,,-0.0572,0.0,0.0,0.0,1.0,1.0,0.0,SALES_VARIATION,positive,3.78,immediate_close,낮음,0.0,0.0,해석 보류,아직 5일 성과가 붙은 표본이 없어 방향 판단을 내리기 어렵습니다.,성과 대기,아직 5일 성과가 붙지 않아 기록 축적이 먼저입니다.,무역회사와판매업체,0.0,0.0,,,,,,0.0,-0.0,,2.0,성과 대기,0.0,0.6,0.3743131868131868,-0.1489406851599694,0.23626373626373626,0.23626373626373626,numpy_mlp,413,,,,,,,,,0,,,,,,,,,,,,,,0.23076923076923078,0.23626373626373626,0.14166666666666666,3,0.22978036748198036
288980,,소프트웨어,,,,,,,,,,,,,,,,,,,,,,,,,,,,,,,-0.0572,0.0,0.0,0.0,1.0,1.0,0.0,SALES_VARIATION,positive,11.54,immediate_close,낮음,0.0,0.0,해석 보류,아직 5일 성과가 붙은 표본이 없어 방향 판단을 내리기 어렵습니다.,성과 대기,아직 5일 성과가 붙지 않아 기록 축적이 먼저입니다.,소프트웨어,0.0,0.0,해석 보류,성과 대기,아직 5일 성과가 붙은 표본이 없어 방향 판단을 내리기 어렵습니다.,아직 5일 성과가 붙지 않아 방향 판단보다 기록 축적이 먼저입니다.,성과 대기,0.0,-0.0,,2.0,성과 대기,0.0,0.6,0.3743131868131868,-0.1489406851599694,0.23626373626373626,0.3864468864468864,numpy_mlp,413,,,,,,,,,0,,,,,,,,,,,,,,0.23076923076923078,0.23626373626373626,0.14166666666666666,3,0.22978036748198036
362320,,인터넷과카탈로그소매,,,,,,,,,,,,,,,,,,,,,,,,,,,,,,,-0.0572,0.0,0.0,0.0,1.0,1.0,0.0,SALES_VARIATION,positive,10.79,immediate_close,낮음,0.0,0.0,해석 보류,아직 5일 성과가 붙은 표본이 없어 방향 판단을 내리기 어렵습니다.,성과 대기,아직 5일 성과가 붙지 않아 기록 축적이 먼저입니다.,인터넷과카탈로그소매,0.0,0.0,,,,,,0.0,-0.0,,2.0,성과 대기,0.0,0.6,0.3743131868131868,-0.1489406851599694,0.23626373626373626,0.23626373626373626,numpy_mlp,413,,,,,,,,,0,,,,,,,,,,,,,,0.23076923076923078,0.23626373626373626,0.14166666666666666,3,0.22978036748198036
332370,아이디피,컴퓨터와주변기기,,,,,,,0.6841,-0.9306,1.0,1.0,0.0,0.8,0.0,0.0,0.0,0.0,-0.0609,0.603,0.0,0.0,0.0,1.0,0.5647,안정성 기반으로 변화를 준비,-1.0,-1.0,0.0,0.0,0.0,0.0,,,,,0.0,0.0,0.0,,,,,,0.0,0.0,,,,,,0.0,0.0,,,,,,0.0,0.0,,0.0,,0.0,0.6,0.2853021978021978,-0.10170317791980277,0.5,0.3241758241758242,numpy_mlp,413,,,,,,,,,0,,,,,,,,0.07142857142857142,,,,,,0.03296703296703297,0.5,,3,0.22150781910397294
476830,알지노믹스,생물공학,,,,,,,0.621,-0.9157,1.0,1.0,0.0,0.8,0.0,0.0,0.0,0.0,0.0,0.705,0.0,0.0,0.0,1.0,0.4867,4월 AACR RZ-001 간암 중간 데이터에 주목,-1.0,-1.0,0.0,0.0,0.0,0.0,,,,,0.0,0.0,0.0,,,,,,0.0,0.0,,,,,,0.0,0.0,,,,,,0.0,0.0,,0.0,,0.0,0.6,0.28777472527472525,-0.10122088511971694,0.5054945054945055,0.3708791208791209,numpy_mlp,413,,,,,,,,,0,,,,,,,,0.05952380952380952,,,,,,0.038461538461538464,0.5054945054945055,,3,0.21935228233305154
001450,,보험,,,,,,,,,,,,,,,,,,,,,,,,,,,,,,,-0.1432,-4.6032,0.464,-1.5248,2.0,2.0,0.0,STOCK_CANCELLATION,positive,11.54,immediate_close,낮음,1.0,100.0,표본 얕음,초기 경향은 보이지만 아직 표본이 얕아 단독 근거로 쓰기에는 이릅니다.,지연 반응형,당일보다 하루 이틀 뒤 반응을 확인하는 쪽이 더 어울립니다.,생명보험,1.0,100.0,표본 얕음,지연 반응형,초기 경향은 보이지만 아직 표본이 얕아 단독 근거로 쓰기에는 이릅니다.,당일보다 하루 이틀 뒤 반응이 붙는 경우가 있어 시간차 확인이 더 중요합니다.,시간차 반응,0.1123,0.1123,100.0,1.0,시간차 반응,0.0,0.6,0.3743131868131868,-0.1489406851599694,0.23626373626373626,0.3461538461538461,numpy_mlp,413,,,,,,,,,0,,,,,,,,,,,,,,0.23076923076923078,0.23626373626373626,0.1,3,0.21835563629918467
005810,,비철금속,,,,,,,,,,,,,,,,,,,,,,,,,,,,,,,-0.4212,-4.414,-1.7876,-3.5289,1.0,1.0,0.0,BUYBACK,positive,11.54,immediate_close,낮음,2.0,66.67,표본 얕음,초기 경향은 보이지만 아직 표본이 얕아 단독 근거로 쓰기에는 이릅니다.,보수적 관찰,현재 표본만 보면 초기와 5일 반응이 모두 약해 존재 여부만 보는 편이 낫습니다.,비철금속,0.0,0.0,해석 보류,성과 대기,아직 5일 성과가 붙은 표본이 없어 방향 판단을 내리기 어렵습니다.,아직 5일 성과가 붙지 않아 방향 판단보다 기록 축적이 먼저입니다.,성과 대기,0.0,-0.4752,50.0,3.0,반응 약함,0.0,0.6,0.3743131868131868,-0.1489406851599694,0.23626373626373626,0.23626373626373626,numpy_mlp,413,,,,,,,,,0,,,,,,,,,,,,,,0.23076923076923078,0.23626373626373626,0.075,3,0.21150079758950727
089980,상아프론테크,전자장비와기기,,,,,,,5.0094,0.003,2.0,1.0,0.0,0.6704,0.0,0.0,0.0,0.0,-0.0572,0.925,0.5,34.5291,0.0,1.0,0.4867,상아프론테크(089980) 글로벌 위성 사업자용 소재사업 호조로 이익 증가,0.2,0.0,1.0,-0.152,0.0,0.0,,,,,0.0,0.0,0.0,,,,,,0.0,0.0,,,,,,0.0,0.0,,,,,,0.0,0.0,,0.0,,0.0,0.6,0.4460164835164835,-0.37487854828096395,0.01098901098901099,0.2087912087912088,numpy_mlp,413,,,,,,,,,0,,,,,,,,0.19047619047619047,,,,,,0.3901098901098901,0.01098901098901099,,3,0.2103708791208791
082740,,조선/해양,,,,,,,,,,,,,,,,,,,,,,,,,,,,,,,-1.2982,-4.057,-3.7281,-10.9649,1.0,1.0,0.0,SUPPLY_CONTRACT,positive,0.91,immediate_close,낮음,1.0,33.33,표본 얕음,가격이 충분히 붙지 않아 아직 과신보다 관찰이 먼저입니다.,보수적 관찰,현재 표본만 보면 초기와 5일 반응이 모두 약해 존재 여부만 보는 편이 낫습니다.,조선/해양,1.0,50.0,표본 얕음,보수적 관찰,초기 경향은 보이지만 아직 표본이 얕아 단독 근거로 쓰기에는 이릅니다.,현재 표본만 보면 초기 반응과 5일 성과가 모두 약해 존재 여부만 체크하는 편이 낫습니다.,반응 약함,-0.5468,-0.3649,0.0,3.0,반응 약함,0.0,0.6,0.3743131868131868,-0.1489406851599694,0.23626373626373626,0.6492673992673993,numpy_mlp,413,,,,,,,,,0,,,,,,,,,,,,,,0.23076923076923078,0.23626373626373626,0.03333333333333333,3,0.20007606640671158
418620,,소프트웨어,,,,,,,,,,,,,,,,,,,,,,,,,,,,,,,-1.2982,-4.057,-3.7281,-10.9649,1.0,1.0,0.0,SUPPLY_CONTRACT,positive,8.05,immediate_close,낮음,1.0,33.33,표본 얕음,가격이 충분히 붙지 않아 아직 과신보다 관찰이 먼저입니다.,보수적 관찰,현재 표본만 보면 초기와 5일 반응이 모두 약해 존재 여부만 보는 편이 낫습니다.,소프트웨어,0.0,0.0,해석 보류,성과 대기,아직 5일 성과가 붙은 표본이 없어 방향 판단을 내리기 어렵습니다.,아직 5일 성과가 붙지 않아 방향 판단보다 기록 축적이 먼저입니다.,성과 대기,0.0,-0.3649,0.0,3.0,반응 약함,0.0,0.6,0.3743131868131868,-0.1489406851599694,0.23626373626373626,0.3864468864468864,numpy_mlp,413,,,,,,,,,0,,,,,,,,,,,,,,0.23076923076923078,0.23626373626373626,0.03333333333333333,3,0.20007606640671158
439260,,조선,,,,,,,,,,,,,,,,,,,,,,,,,,,,,,,-1.2982,-4.057,-3.7281,-10.9649,1.0,1.0,0.0,SUPPLY_CONTRACT,positive,8.18,immediate_close,낮음,1.0,33.33,표본 얕음,가격이 충분히 붙지 않아 아직 과신보다 관찰이 먼저입니다.,보수적 관찰,현재 표본만 보면 초기와 5일 반응이 모두 약해 존재 여부만 보는 편이 낫습니다.,조선/해양,1.0,50.0,표본 얕음,보수적 관찰,초기 경향은 보이지만 아직 표본이 얕아 단독 근거로 쓰기에는 이릅니다.,현재 표본만 보면 초기 반응과 5일 성과가 모두 약해 존재 여부만 체크하는 편이 낫습니다.,반응 약함,-0.5468,-0.3649,0.0,3.0,반응 약함,0.0,0.6,0.3743131868131868,-0.1489406851599694,0.23626373626373626,0.4450549450549451,numpy_mlp,413,,,,,,,,,0,,,,,,,,,,,,,,0.23076923076923078,0.23626373626373626,0.03333333333333333,3,0.20007606640671158
241560,두산밥캣,기계/공작기계,,,,,,,2.7189,-0.2759,2.0,2.0,0.0,0.7961,4.4702,0.0,-3.9566,0.0,0.0736,0.6208,0.0,23.0769,0.0,0.7,0.4632,"낮아진 딜러 재고, 높아진 밸류에이션 매력도",0.0414,0.0,0.5518,0.0,0.0,0.0,,,,,0.0,0.0,0.0,,,,,,0.0,0.0,,,,,,0.0,0.0,,,,,,0.0,0.0,,0.0,,0.0,0.6,0.29766483516483516,-0.1491318098471453,0.07692307692307693,0.28479853479853484,numpy_mlp,413,,,,,,,,,0,,,,,,,,0.13095238095238096,,,,,,0.06043956043956044,0.07692307692307693,,3,0.1395974218089603
138080,오이솔루션,통신장비,,,,,,,0.1201,-0.8942,1.0,1.0,0.0,0.8,0.0,0.0,0.0,0.0,0.0,1.0,1.0,0.0,0.0,1.0,0.4632,오이솔루션(138080) AI 데이터센터로 체급 올리기,-1.0,-1.0,0.0,-0.4158,0.0,0.0,,,,,0.0,0.0,0.0,,,,,,0.0,0.0,,,,,,0.0,0.0,,,,,,0.0,0.0,,0.0,,0.0,0.6,0.2927197802197802,-0.17821385090449435,0.04395604395604396,0.09523809523809523,numpy_mlp,413,,,,,,,,,0,,,,,,,,0.03571428571428571,,,,,,0.04945054945054945,0.04395604395604396,,3,0.09145710059171597
380540,옵티코어,통신장비,,,,,,,-5.1243,-5.9688,2.0,1.0,0.0,0.6823,0.0,0.0,0.0,0.0,-0.0295,0.9204,0.5,0.0,0.0,0.7,0.4632,옵티코어(380540) K-AAOI의 가능성을 보다,-1.0,-1.0,0.0,-0.2018,0.0,0.0,,,,,0.0,0.0,0.0,,,,,,0.0,0.0,,,,,,0.0,0.0,,,,,,0.0,0.0,,0.0,,0.0,0.6,0.2729395604395604,-0.398244491561587,0.005494505494505495,0.09523809523809523,numpy_mlp,413,,,,,,,,,0,,,,,,,,0.011904761904761904,,,,,,0.005494505494505495,0.005494505494505495,,3,0.06343512256973795
